Type of election,Year,State,Constituency no12,Constituency no,Constituency name,Constituency type,Turnout,Candidate name,Party/Alliance
Lok Sabha,2014,ANDHRA PRADESH,1,454,ADILABAD,ST,75.44,GOSAM NAGESH,TRS
Lok Sabha,2014,UTTAR PRADESH,426,736,AGRA,SC,58.98,DR. RAMSHANKAR KATHERIA,BJP
Lok Sabha,2014,GUJARAT,272,555,AHMEDABAD EAST,GEN,62.51,PARESH DAHYALAL RAWAL,BJP
Lok Sabha,2014,GUJARAT,273,543,AHMEDABAD WEST,SC,61.52,DR. SOLANKI KIRITBHAI PREMJIBHAI,BJP
Lok Sabha,2014,MAHARASHTRA,215,451,AHMEDNAGAR,GEN,62.87,GANDHI DILIPKUMAR MANSUKHLAL,BJP
Lok Sabha,2014,RAJASTHAN,403,707,AJMER,GEN,68.69,SANWAR LAL JAT,BJP
Lok Sabha,2014,UTTAR PRADESH,350,687,AKBARPUR,GEN,54.92,DEVENDRA SINGH ALIAS BHOLE SINGH,BJP
Lok Sabha,2014,MAHARASHTRA,63,483,AKOLA,GEN,59.43,DHOTRE SANJAY SHAMRAO,BJP
Lok Sabha,2014,KERALA,56,309,ALAPPUZHA,GEN,78.46,K.C. VENUGOPAL,INC
Lok Sabha,2014,KERALA,50,321,ALATHUR,SC,76.23,P.K. BIJU,CPI(M)
Lok Sabha,2014,UTTAR PRADESH,423,754,ALIGARH,GEN,59.36,SATISH KUMAR,BJP
Lok Sabha,2014,WEST BENGAL,358,708,ALIPURDUARS,ST,83.18,DASRATH TIRKEY,AITC
Lok Sabha,2014,UTTAR PRADESH,246,628,ALLAHABAD,GEN,53.5,SHYAMA CHARAN GUPTA,BJP
Lok Sabha,2014,UTTARAKHAND,539,804,ALMORA,SC,52.34,AJAY TAMTA,BJP
Lok Sabha,2014,RAJASTHAN,398,755,ALWAR,GEN,65.25,MAHANT CHAND NATH YOGI,BJP
Lok Sabha,2014,ANDHRA PRADESH,143,399,AMALAPURAM,SC,82.55,PANDULA RAVINDRA BABU,TDP
Lok Sabha,2014,HARYANA,376,806,AMBALA,SC,72.03,RATTAN LAL KATARIA,BJP
Lok Sabha,2014,UTTAR PRADESH,248,693,AMBEDKAR NAGAR,GEN,60.18,HARI OM PANDEY,BJP
Lok Sabha,2014,UTTAR PRADESH,240,690,AMETHI,GEN,52.38,RAHUL GANDHI,INC
Lok Sabha,2014,MAHARASHTRA,64,497,AMRAVATI,SC,62.31,ADSUL ANANDRAO VITHOBA,SHS
Lok Sabha,2014,GUJARAT,279,503,AMRELI,GEN,54.42,KACHHADIA NARANBHAI BHIKHABHAI,BJP
Lok Sabha,2014,PUNJAB,465,817,AMRITSAR,GEN,68.18,CAPTAIN AMARINDER SINGH,INC
Lok Sabha,2014,UTTAR PRADESH,518,780,AMROHA,GEN,70.96,KANWAR SINGH TANWAR,BJP
Lok Sabha,2014,ANDHRA PRADESH,22,419,ANAKAPALLE,GEN,81.92,MUTTAMSETTI SRINIVASA RAO,TDP
Lok Sabha,2014,GUJARAT,281,526,ANAND,GEN,64.86,PATEL DILIPBHAI MANIBHAI,BJP
Lok Sabha,2014,PUNJAB,469,812,ANANDPUR SAHIB,GEN,69.44,PREM SINGH CHANDUMAJRA,SAD
Lok Sabha,2014,ANDHRA PRADESH,155,377,ANANTAPUR,GEN,78.41,JUTUR CHINNA REDDY DIVAKAR REDDY,TDP
Lok Sabha,2014,JAMMU & KASHMIR,314,825,ANANTNAG,GEN,28.84,MEHBOOBA MUFTI,JKPDP
Lok Sabha,2014,ANDAMAN & NICOBAR ISLANDS,123,213,ANDAMAN & NICOBAR ISLANDS,GEN,70.66,BISHNU PADA RAY,BJP
Lok Sabha,2014,UTTAR PRADESH,520,760,AONLA,GEN,60.21,DHARMENDRA KUMAR,BJP
Lok Sabha,2014,TAMIL NADU,479,362,ARAKKONAM,GEN,77.7,HARI G.,AIADMK
Lok Sabha,2014,ANDHRA PRADESH,18,441,ARAKU,ST,71.47,KOTHAPALLI GEETHA,Yuvajana Sramika Rythu Congress Party
Lok Sabha,2014,WEST BENGAL,443,542,ARAMBAG,SC,85.11,APARUPA PODDAR ALIAS AFRIN ALI,AITC
Lok Sabha,2014,TAMIL NADU,484,349,ARANI,GEN,80.02,V. ELUMALAI,AIADMK
Lok Sabha,2014,BIHAR,304,683,ARARIA,GEN,61.47,TASLIMUDDIN,RJD
Lok Sabha,2014,BIHAR,32,640,ARRAH,GEN,48.75,RAJ KUMAR SINGH,BJP
Lok Sabha,2014,ARUNACHAL PRADESH,24,787,ARUNACHAL EAST,GEN,83.51,NINONG ERING,INC
Lok Sabha,2014,ARUNACHAL PRADESH,23,779,ARUNACHAL WEST,GEN,75.17,KIREN RIJIJU,BJP
Lok Sabha,2014,WEST BENGAL,448,569,ASANSOL,GEN,77.73,BABUL SUPRIYA BORAL (BABUL SUPRIYO),BJP
Lok Sabha,2014,ORISSA,87,457,ASKA,GEN,63.62,LADU KISHORE SWAIN,BJD
Lok Sabha,2014,KERALA,60,302,ATTINGAL,GEN,68.67,DR. A. SAMPATH,CPI(M)
Lok Sabha,2014,BIHAR,37,606,AURANGABAD,GEN,51.18,SUSHIL KUMAR SINGH,BJP
Lok Sabha,2014,MAHARASHTRA,207,606,AURANGABAD,GEN,61.84,CHANDRAKANT BHAURAO KHAIRE,SHS
Lok Sabha,2014,ASSAM,27,685,AUTONOMOUS DISTRICT,ST,77.4,BIREN SINGH ENGTI,INC
Lok Sabha,2014,UTTAR PRADESH,96,672,AZAMGARH,GEN,56.38,MULAYAM SINGH YADAV,SP
Lok Sabha,2014,UTTAR PRADESH,519,758,BADAUN,GEN,58.08,DHARMENDRA YADAV,SP
Lok Sabha,2014,KARNATAKA,292,393,BAGALKOT,GEN,68.81,P.C. GADDIGOUDAR,BJP
Lok Sabha,2014,UTTAR PRADESH,419,785,BAGHPAT,GEN,66.72,DR. SATYAPAL SINGH,BJP
Lok Sabha,2014,WEST BENGAL,435,582,BAHARAMPUR,GEN,79.42,ADHIR RANJAN CHOWDHURY,INC
Lok Sabha,2014,UTTAR PRADESH,356,756,BAHRAICH,SC,57.01,SADHVI SAVITRI BAI PHOOLE,BJP
Lok Sabha,2014,MADHYA PRADESH,196,515,BALAGHAT,GEN,68.31,BODH SINGH BHAGAT,BJP
Lok Sabha,2014,ORISSA,229,499,BALASORE,GEN,76.81,RABINDRA KUMAR JENA,BJD
Lok Sabha,2014,UTTAR PRADESH,99,650,BALLIA,GEN,53.28,BHARAT SINGH,BJP
Lok Sabha,2014,WEST BENGAL,362,632,BALURGHAT,GEN,84.74,ARPITA GHOSH,AITC
Lok Sabha,2014,GUJARAT,267,599,BANASKANTHA,GEN,58.5,CHAUDHARY HARIBHAI PARTHIBHAI,BJP
Lok Sabha,2014,UTTAR PRADESH,243,637,BANDA,GEN,53.58,BHAIRON PRASAD MISHRA,BJP
Lok Sabha,2014,KARNATAKA,138,357,BANGALORE CENTRAL,GEN,55.63,P.C. MOHAN,BJP
Lok Sabha,2014,KARNATAKA,137,160,BANGALORE NORTH,GEN,56.5,D.V. SADANANDA GOWDA,BJP
Lok Sabha,2014,KARNATAKA,136,360,BANGALORE RURAL,GEN,66.44,D.K. SURESH,INC
Lok Sabha,2014,KARNATAKA,139,352,BANGALORE SOUTH,GEN,55.69,ANANTH KUMAR,BJP
Lok Sabha,2014,WEST BENGAL,526,550,BANGAON,SC,83.32,KAPIL KRISHNA THAKUR,AITC
Lok Sabha,2014,BIHAR,312,618,BANKA,GEN,58.04,JAIPRAKASH NARAYAN YADAV,RJD
Lok Sabha,2014,WEST BENGAL,369,566,BANKURA,GEN,82.21,SREEMATI DEV VARMA (MOON MOON SEN),AITC
Lok Sabha,2014,UTTAR PRADESH,94,694,BANSGAON,SC,49.88,KAMLESH PASWAN,BJP
Lok Sabha,2014,RAJASTHAN,410,577,BANSWARA,ST,69.2,MANSHANKAR NINAMA,BJP
Lok Sabha,2014,ANDHRA PRADESH,151,388,BAPATLA,SC,85.04,MALYADRI SRIRAM,TDP
Lok Sabha,2014,UTTAR PRADESH,355,725,BARABANKI,SC,62.06,PRIYANKA SINGH RAWAT,BJP
Lok Sabha,2014,MAHARASHTRA,213,429,BARAMATI,GEN,58.81,SUPRIYA SULE,NCP
Lok Sabha,2014,JAMMU & KASHMIR,462,827,BARAMULLA,GEN,39.13,MUZAFFAR HUSSAIN BAIG,JKPDP
Lok Sabha,2014,WEST BENGAL,529,537,BARASAT,GEN,83.91,DR. KAKALI GHOSHDOSTIDAR,AITC
Lok Sabha,2014,WEST BENGAL,446,563,BARDHAMAN PURBA,SC,86.21,SUNIL KUMAR MONDAL,AITC
Lok Sabha,2014,WEST BENGAL,447,28,BARDHAMAN-DURGAPUR,GEN,84.07,MAMTAZ SANGHAMITA,AITC
Lok Sabha,2014,GUJARAT,288,491,BARDOLI,ST,74.73,PARBHUBHAI NAGARBHAI VASAVA,BJP
Lok Sabha,2014,UTTAR PRADESH,521,773,BAREILLY,GEN,61.17,SANTOSH KUMAR GANGWAR,BJP
Lok Sabha,2014,ORISSA,80,502,BARGARH,GEN,78.51,PRABHAS KUMAR SINGH,BJD
Lok Sabha,2014,RAJASTHAN,407,751,BARMER,GEN,72.67,COL. SONARAM CHOUDHARY,BJP
Lok Sabha,2014,ASSAM,164,686,BARPETA,GEN,84.32,SIRAJ UDDIN AJMAL,AIUDF
Lok Sabha,2014,WEST BENGAL,527,540,BARRACKPUR,GEN,81.66,DINESH TRIVEDI,AITC
Lok Sabha,2014,WEST BENGAL,530,535,BASIRHAT,GEN,85.45,IDRIS ALI,AITC
Lok Sabha,2014,CHHATTISGARH,115,456,BASTAR,ST,59.31,DINESH KASHYAP,BJP
Lok Sabha,2014,UTTAR PRADESH,253,719,BASTI,GEN,56.75,HARISH CHANDRA,BJP
Lok Sabha,2014,PUNJAB,388,801,BATHINDA,GEN,77.15,HARSIMRAT KAUR BADAL,SAD
Lok Sabha,2014,MAHARASHTRA,217,450,BEED,GEN,68.74,MUNDE GOPINATHRAO PANDURANG,BJP
Lok Sabha,2014,BIHAR,309,642,BEGUSARAI,GEN,60.6,BHOLA SINGH,BJP
Lok Sabha,2014,KARNATAKA,126,390,BELGAUM,GEN,68.22,SURESH ANGADI,BJP
Lok Sabha,2014,KARNATAKA,132,379,BELLARY,ST,70.28,B. SREERAMULU,BJP
Lok Sabha,2014,ORISSA,88,452,BERHAMPUR,GEN,67.85,SIDHANT MOHAPATRA,BJD
Lok Sabha,2014,MADHYA PRADESH,201,519,BETUL,ST,65.16,JYOTI DHURVE,BJP
Lok Sabha,2014,UTTAR PRADESH,256,634,BHADOHI,GEN,53.5,VIRENDRA SINGH,BJP
Lok Sabha,2014,ORISSA,230,487,BHADRAK,SC,73.59,ARJUN CHARAN SETHI,BJD
Lok Sabha,2014,BIHAR,311,625,BHAGALPUR,GEN,57.79,SHAILESH KUMAR ALIAS BULO MANDAL,RJD
Lok Sabha,2014,MAHARASHTRA,68,493,BHANDARA-GONDIYA,GEN,72.28,NANABHAU FALGUNRAO PATOLE,BJP
Lok Sabha,2014,RAJASTHAN,399,741,BHARATPUR,SC,57.05,BAHADUR SINGH,BJP
Lok Sabha,2014,GUJARAT,287,508,BHARUCH,GEN,74.79,MANSUKHBHAI DHANJIBHAI VASAVA,BJP
Lok Sabha,2014,GUJARAT,280,510,BHAVNAGAR,GEN,57.53,DR. BHARTIBEN DHIRUBHAI SHIYAL,BJP
Lok Sabha,2014,RAJASTHAN,413,653,BHILWARA,GEN,62.92,SUBHASH CHANDRA BAHERIYA,BJP
Lok Sabha,2014,MADHYA PRADESH,316,695,BHIND,SC,45.62,BHAGIRAT PRASAD,BJP
Lok Sabha,2014,MAHARASHTRA,332,453,BHIWANDI,GEN,51.61,KAPIL MORESHWAR PATIL,BJP
Lok Sabha,2014,HARYANA,383,778,BHIWANI-MAHENDRAGARH,GEN,69.91,DHARAMBIR,BJP
Lok Sabha,2014,ANDHRA PRADESH,14,418,BHONGIR,GEN,81.22,DR. NARSAIAH BOORA,TRS
Lok Sabha,2014,MADHYA PRADESH,200,570,BHOPAL,GEN,57.75,ALOK SANJAR,BJP
Lok Sabha,2014,ORISSA,237,467,BHUBANESWAR,GEN,58.37,PRASANNA KUMAR PATASANI,BJD
Lok Sabha,2014,KARNATAKA,130,423,BIDAR,GEN,59.93,BHAGWANT MANN,BJP
Lok Sabha,2014,KARNATAKA,127,408,BIJAPUR,SC,59.58,RAMESH JIGAJINAGI,BJP
Lok Sabha,2014,UTTAR PRADESH,513,792,BIJNOR,GEN,67.88,KUNWAR BHARTENDRA SINGH,BJP
Lok Sabha,2014,RAJASTHAN,392,784,BIKANER,SC,58.44,ARJUN RAM MEGHWAL,BJP
Lok Sabha,2014,CHHATTISGARH,110,527,BILASPUR,GEN,63.13,LAKHANLAL SAHU S/O KALYAN LAL SAHU,BJP
Lok Sabha,2014,WEST BENGAL,450,592,BIRBHUM,GEN,85.33,SATABDI ROY BANERJEE,AITC
Lok Sabha,2014,WEST BENGAL,370,558,BISHNUPUR,SC,86.72,SAUMITRA KHAN,AITC
Lok Sabha,2014,ORISSA,83,479,BOLANGIR,GEN,74.88,KALIKESH NARAYAN SINGH DEO,BJD
Lok Sabha,2014,WEST BENGAL,449,581,BOLPUR,SC,84.81,ANUPAM HAZRA,AITC
Lok Sabha,2014,UTTAR PRADESH,422,770,BULANDSHAHR,SC,58.15,DR. BHOLA SINGH,BJP
Lok Sabha,2014,MAHARASHTRA,62,484,BULDHANA,GEN,61.31,JADHAV PRATAPRAO GANPATRAO,SHS
Lok Sabha,2014,BIHAR,33,639,BUXAR,GEN,54.14,ASHWINI KUMAR CHOUBEY,BJP
Lok Sabha,2014,KERALA,52,317,CHALAKUDY,GEN,76.84,INNOCENT,IND
Lok Sabha,2014,KARNATAKA,302,345,CHAMARAJANAGAR,SC,72.83,R. DHRUVANARAYANA,INC
Lok Sabha,2014,UTTAR PRADESH,102,631,CHANDAULI,GEN,58.75,MAHENDRA NATH PANDEY,BJP
Lok Sabha,2014,CHANDIGARH,542,805,CHANDIGARH,GEN,73.71,KIRRON KHER,BJP
Lok Sabha,2014,NATIONAL CAPITAL TERRITORY OF DELHI,451,771,CHANDNI CHOWK,GEN,67.84,DR. HARSH VARDHAN,BJP
Lok Sabha,2014,MAHARASHTRA,70,468,CHANDRAPUR,GEN,63.28,AHIR HANSARAJ GANGARAM,BJP
Lok Sabha,2014,JHARKHAND,117,590,CHATRA,GEN,54.32,SUNIL KUMAR SINGH,BJP
Lok Sabha,2014,TAMIL NADU,476,358,CHENNAI CENTRAL,GEN,61.36,S.R. VIJAY KUMAR,AIADMK
Lok Sabha,2014,TAMIL NADU,474,361,CHENNAI NORTH,GEN,63.99,VENKATESH BABU T.G,AIADMK
Lok Sabha,2014,TAMIL NADU,475,354,CHENNAI SOUTH,GEN,60.21,DR. J. JAYAVARDHAN,AIADMK
Lok Sabha,2014,ANDHRA PRADESH,10,413,CHEVELLA,GEN,60.22,KONDA VISHWESHWAR REDDY,TRS
Lok Sabha,2014,MADHYA PRADESH,197,533,CHHINDWARA,GEN,79.03,KAMAL NATH,INC
Lok Sabha,2014,GUJARAT,286,520,CHHOTA UDAIPUR,ST,71.64,RATHWA RAMSINGBHAI PATALBHAI,BJP
Lok Sabha,2014,TAMIL NADU,499,334,CHIDAMBARAM,SC,79.67,M. CHANDRAKASI,AIADMK
Lok Sabha,2014,KARNATAKA,140,369,CHIKKBALLAPUR,GEN,76.18,M. VEERAPPA MOILY,INC
Lok Sabha,2014,KARNATAKA,125,398,CHIKKODI,GEN,74.26,PRAKASH HUKKERI,INC
Lok Sabha,2014,KARNATAKA,134,375,CHITRADURGA,SC,66,B.N. CHANDRAPPA,INC
Lok Sabha,2014,ANDHRA PRADESH,161,366,CHITTOOR,SC,82.56,NARAMALLI SIVAPRASAD,TDP
Lok Sabha,2014,RAJASTHAN,411,116,CHITTORGARH,GEN,64.5,CHANDRA PRAKASH,BJP
Lok Sabha,2014,RAJASTHAN,393,786,CHURU,GEN,64.49,RAHUL KASWAN,BJP
Lok Sabha,2014,TAMIL NADU,492,328,COIMBATORE,GEN,68.4,NAGARAJAN P.,AIADMK
Lok Sabha,2014,WEST BENGAL,357,680,COOCHBEHAR,SC,82.58,RENUKA SINHA,AITC
Lok Sabha,2014,TAMIL NADU,498,175,CUDDALORE,GEN,78.9,A. ARUNMOZHITHEVAN,AIADMK
Lok Sabha,2014,ORISSA,233,471,CUTTACK,GEN,71.35,BHARTRUHARI MAHATAB,BJD
Lok Sabha,2014,DADRA & NAGAR HAVELI,371,465,DADRA & NAGAR HAVELI,ST,84.06,NATUBHAI G. PATEL,BJP
Lok Sabha,2014,GUJARAT,284,556,DAHOD,ST,63.78,BHABHOR JASVANTSINH SUMANBHAI,BJP
Lok Sabha,2014,KARNATAKA,299,359,DAKSHINA KANNADA,GEN,77.14,NALIN KUMAR KATEEL,BJP
Lok Sabha,2014,DAMAN & DIU,372,170,DAMAN & DIU,GEN,78.01,PATEL LALUBHAI BABUBHAI,BJP
Lok Sabha,2014,MADHYA PRADESH,321,600,DAMOH,GEN,55.24,PRAHLAD SINGH PATEL,BJP
Lok Sabha,2014,BIHAR,180,664,DARBHANGA,GEN,55.39,KIRTI AZAD,BJP
Lok Sabha,2014,WEST BENGAL,360,720,DARJEELING,GEN,79.46,SURENDRAJEET SINGH AHLUWALIA,BJP
Lok Sabha,2014,RAJASTHAN,401,733,DAUSA,ST,61.05,HARISH CHANDRA,BJP
Lok Sabha,2014,KARNATAKA,295,374,DAVANAGERE,GEN,73.22,G.M. SIDDESWARA,BJP
Lok Sabha,2014,UTTAR PRADESH,93,701,DEORIA,GEN,53.77,KALRAJ MISHRA,BJP
Lok Sabha,2014,MADHYA PRADESH,323,575,DEWAS,SC,70.74,MANOHAR UNTWAL,BJP
Lok Sabha,2014,JHARKHAND,261,576,DHANBAD,GEN,60.52,PASHUPATI NATH SINGH,BJP
Lok Sabha,2014,MADHYA PRADESH,327,545,DHAR,ST,64.54,SAVITRI THAKUR,BJP
Lok Sabha,2014,TAMIL NADU,482,346,DHARMAPURI,GEN,81.08,ANBUMANI RAMADOSS,Pattali Makkal Katchi
Lok Sabha,2014,KARNATAKA,294,381,DHARWAD,GEN,65.94,PRALHAD JOSHI,BJP
Lok Sabha,2014,UTTAR PRADESH,525,753,DHAURAHRA,GEN,68.05,REKHA ARUN VERMA,BJP
Lok Sabha,2014,ORISSA,232,494,DHENKANAL,GEN,76.43,TATHAGATA SATPATHY,BJD
Lok Sabha,2014,ASSAM,162,670,DHUBRI,GEN,88.22,BADRUDDIN AJMAL,AIUDF
Lok Sabha,2014,MAHARASHTRA,203,486,DHULE,GEN,58.71,SUBHASH RAMRAO BHAMRE,BJP
Lok Sabha,2014,WEST BENGAL,533,517,DIAMOND HARBOUR,GEN,81.06,ABHISHEK BANERJEE,AITC
Lok Sabha,2014,ASSAM,171,737,DIBRUGARH,GEN,79.25,RAMESHWAR TELI,BJP
Lok Sabha,2014,TAMIL NADU,494,320,DINDIGUL,GEN,77.35,UDHAYA KUMAR .M,AIADMK
Lok Sabha,2014,MAHARASHTRA,208,473,DINDORI,ST,63.4,CHAVAN HARISHCHANDRA DEORAM,BJP
Lok Sabha,2014,UTTAR PRADESH,252,730,DOMARIYAGANJ,GEN,53.08,JAGDAMBIKA PAL,BJP
Lok Sabha,2014,WEST BENGAL,528,531,DUM DUM,GEN,80.56,SAUGATA ROY,AITC
Lok Sabha,2014,JHARKHAND,258,593,DUMKA,ST,72.41,SHIBU SOREN,JMM
Lok Sabha,2014,CHHATTISGARH,112,500,DURG,GEN,67.81,TAMRADWAJ SAHU,INC
Lok Sabha,2014,NATIONAL CAPITAL TERRITORY OF DELHI,453,768,EAST DELHI,GEN,65.39,MAHESH GIRI,BJP
Lok Sabha,2014,ANDHRA PRADESH,146,409,ELURU,GEN,84.17,MAGANTI VENKATESWARA RAO (BABU),TDP
Lok Sabha,2014,KERALA,53,316,ERNAKULAM,GEN,73.57,K.V. THOMAS,INC
Lok Sabha,2014,TAMIL NADU,489,332,ERODE,GEN,76.33,SELVAKUMARA CHINNAYAN S,AIADMK
Lok Sabha,2014,UTTAR PRADESH,430,750,ETAH,GEN,58.72,RAJVIR SINGH,BJP
Lok Sabha,2014,UTTAR PRADESH,432,700,ETAWAH,SC,55.04,ASHOK KUMAR DOHAREY,BJP
Lok Sabha,2014,UTTAR PRADESH,247,712,FAIZABAD,GEN,58.82,LALLU SINGH,BJP
Lok Sabha,2014,HARYANA,385,759,FARIDABAD,GEN,64.97,KRISHAN PAL,BJP
Lok Sabha,2014,PUNJAB,472,810,FARIDKOT,SC,70.93,PROF. SADHU SINGH,AAP
Lok Sabha,2014,UTTAR PRADESH,431,739,FARRUKHABAD,GEN,60.15,MUKESH RAJPUT,BJP
Lok Sabha,2014,PUNJAB,471,808,FATEHGARH SAHIB,SC,73.8,HARINDER SINGH KHALSA,AAP
Lok Sabha,2014,UTTAR PRADESH,354,663,FATEHPUR,GEN,58.55,SADHVI NIRANJAN JYOTI,BJP
Lok Sabha,2014,UTTAR PRADESH,427,723,FATEHPUR SIKRI,GEN,61.24,BABU LAL,BJP
Lok Sabha,2014,UTTAR PRADESH,428,732,FIROZABAD,GEN,67.49,AKSHAY YADAV,SP
Lok Sabha,2014,PUNJAB,387,811,FIROZPUR,GEN,72.62,SHER SINGH GHUBAYA,SAD
Lok Sabha,2014,MAHARASHTRA,69,489,GADCHIROLI-CHIMUR,ST,69.88,ASHOK MAHADEORAO NETE,BJP
Lok Sabha,2014,GUJARAT,271,554,GANDHINAGAR,GEN,65.49,LAL KRISHNA ADVANI,BJP
Lok Sabha,2014,RAJASTHAN,391,113,GANGANAGAR,SC,73.14,NIHALCHAND,BJP
Lok Sabha,2014,UTTARAKHAND,538,809,GARHWAL,GEN,53.74,MAJ. GEN. ( RETD) BHUWAN CHANDRA KHANDURI (AVSM),BJP
Lok Sabha,2014,ASSAM,165,674,GAUHATI,GEN,78.64,BIJOYA CHAKRAVARTY,BJP
Lok Sabha,2014,UTTAR PRADESH,421,765,GAUTAM BUDHHA NAGAR,GEN,60.38,MAHESH SHARMA,BJP
Lok Sabha,2014,BIHAR,38,605,GAYA,SC,53.93,HARI MANJHI,BJP
Lok Sabha,2014,WEST BENGAL,365,530,GHATAL,GEN,84.86,DEEPAK ADHIKARI (DEV),AITC
Lok Sabha,2014,UTTAR PRADESH,420,774,GHAZIABAD,GEN,56.94,VIJAY KUMAR SINGH,BJP
Lok Sabha,2014,UTTAR PRADESH,101,645,GHAZIPUR,GEN,54.77,MANOJ SINHA,BJP
Lok Sabha,2014,UTTAR PRADESH,97,665,GHOSI,GEN,54.98,HARINARAYAN RAJBHAR,BJP
Lok Sabha,2014,JHARKHAND,260,583,GIRIDIH,GEN,64.02,RAVINDRA KUMAR PANDEY,BJP
Lok Sabha,2014,JHARKHAND,259,611,GODDA,GEN,65.98,NISHIKANT DUBEY,BJP
Lok Sabha,2014,UTTAR PRADESH,251,727,GONDA,GEN,51.07,KIRTI VARDHAN SINGH  ALIAS RAJA BHAIYA,BJP
Lok Sabha,2014,BIHAR,28,688,GOPALGANJ,SC,54.67,JANAK RAM,BJP
Lok Sabha,2014,UTTAR PRADESH,91,718,GORAKHPUR,GEN,54.62,YOGI ADITYANATH,BJP
Lok Sabha,2014,KARNATAKA,128,414,GULBARGA,SC,57.94,MALLIKARJUN KHARGE,INC
Lok Sabha,2014,MADHYA PRADESH,318,626,GUNA,GEN,60.83,JYOTIRADITYA MADHAVRAO SCINDIA,INC
Lok Sabha,2014,ANDHRA PRADESH,149,391,GUNTUR,GEN,79.19,JAYADEV GALLA,TDP
Lok Sabha,2014,PUNJAB,464,820,GURDASPUR,GEN,69.5,VINOD KHANNA,BJP
Lok Sabha,2014,HARYANA,384,762,GURGAON,GEN,71.55,INDERJIT SINGH,BJP
Lok Sabha,2014,MADHYA PRADESH,317,668,GWALIOR,GEN,52.79,NARENDRA SIGH TOMAR,BJP
Lok Sabha,2014,BIHAR,183,651,HAJIPUR,SC,54.85,RAM VILAS PASWAN,LJP
Lok Sabha,2014,HIMACHAL PRADESH,460,819,HAMIRPUR,GEN,66.94,ANURAG SINGH THAKUR,BJP
Lok Sabha,2014,UTTAR PRADESH,353,660,HAMIRPUR,GEN,56.11,KUNWAR PUSHPENDRA SINGH,BJP
Lok Sabha,2014,UTTAR PRADESH,343,740,HARDOI,SC,56.75,ANSHUL VERMA,BJP
Lok Sabha,2014,UTTARAKHAND,541,799,HARDWAR,GEN,71.56,RAMESH POKHARIYAL NISHANK,BJP
Lok Sabha,2014,KARNATAKA,298,365,HASSAN,GEN,73.47,H.D. DEVEGOWDA,JD(S)
Lok Sabha,2014,UTTAR PRADESH,424,749,HATHRAS,SC,59.65,RAJESH KUMAR,BJP
Lok Sabha,2014,MAHARASHTRA,226,404,HATKANANGLE,GEN,72.91,RAJU SHETTY,Swabhimani Paksha
Lok Sabha,2014,KARNATAKA,293,383,HAVERI,GEN,71.59,UDASI SHIVAKUMAR CHANNABASAPPA,BJP
Lok Sabha,2014,JHARKHAND,122,591,HAZARIBAGH,GEN,63.68,JAYANT SINHA,BJP
Lok Sabha,2014,ANDHRA PRADESH,156,373,HINDUPUR,GEN,81.39,KRISTAPPA NIMMALA,TDP
Lok Sabha,2014,MAHARASHTRA,72,460,HINGOLI,GEN,66.27,RAJEEV SHANKARRAO SATAV,INC
Lok Sabha,2014,HARYANA,379,789,HISAR,GEN,76.17,DUSHYANT CHAUTALA,INLD
Lok Sabha,2014,WEST BENGAL,442,548,HOOGHLY,GEN,82.75,DR. RATNA DE (NAG),AITC
Lok Sabha,2014,MADHYA PRADESH,198,551,HOSHANGABAD,GEN,65.76,UDAY PRATAP SINGH,BJP
Lok Sabha,2014,PUNJAB,468,818,HOSHIARPUR,SC,64.72,VIJAY SAMPLA,BJP
Lok Sabha,2014,WEST BENGAL,439,525,HOWRAH,GEN,74.77,PRASUN BANERJEE,AITC
Lok Sabha,2014,ANDHRA PRADESH,9,406,HYDERABAD,GEN,53.27,ASADUDDIN OWAISI,All India Majlis-E-Ittehadul Muslimeen
Lok Sabha,2014,KERALA,54,312,IDUKKI,GEN,70.75,ADV. JOICE GEORGE,IND
Lok Sabha,2014,MADHYA PRADESH,328,544,INDORE,GEN,62.25,SUMITRA MAHAJAN,BJP
Lok Sabha,2014,MANIPUR,265,604,INNER MANIPUR,GEN,74.92,DR. THOKCHOM MEINYA,INC
Lok Sabha,2014,MADHYA PRADESH,194,562,JABALPUR,GEN,58.55,RAKESH SINGH ALIAS GHANSHYAM SINGH,BJP
Lok Sabha,2014,WEST BENGAL,534,522,JADAVPUR,GEN,79.73,SUGATA BOSE,AITC
Lok Sabha,2014,ORISSA,235,466,JAGATSINGHPUR,SC,75.48,KULAMANI SAMAL,BJD
Lok Sabha,2014,BIHAR,36,620,JAHANABAD,GEN,57.02,DR. ARUN KUMAR,Rashtriya Lok Samta Party
Lok Sabha,2014,RAJASTHAN,397,710,JAIPUR,GEN,66.24,RAMCHARAN BOHARA,BJP
Lok Sabha,2014,RAJASTHAN,396,743,JAIPUR RURAL,GEN,59.65,RAJYAVARDHAN SINGH RATHORE,BJP
Lok Sabha,2014,ORISSA,231,478,JAJPUR,SC,75.2,RITA TARAI,BJD
Lok Sabha,2014,PUNJAB,467,815,JALANDHAR,SC,67.08,SANTOKH SINGH CHAUDHARY,INC
Lok Sabha,2014,UTTAR PRADESH,351,675,JALAUN,SC,58.27,BHANU PRATAP SINGH VARMA,BJP
Lok Sabha,2014,MAHARASHTRA,204,482,JALGAON,GEN,57.98,ASHOK TAPIRAM PATIL,BJP
Lok Sabha,2014,MAHARASHTRA,206,470,JALNA,GEN,66.14,DANVE RAOSAHEB DADARAO PATIL,BJP
Lok Sabha,2014,RAJASTHAN,408,643,JALORE,GEN,59.58,DEVJI PATEL,BJP
Lok Sabha,2014,WEST BENGAL,359,706,JALPAIGURI,SC,85.02,BIJOY CHANDRA BARMAN,AITC
Lok Sabha,2014,JAMMU & KASHMIR,41,823,JAMMU,GEN,67.83,JUGAL KISHORE SHARMA,BJP
Lok Sabha,2014,GUJARAT,277,538,JAMNAGAR,GEN,57.97,MADAM POONAMBEN HEMATBHAI,BJP
Lok Sabha,2014,JHARKHAND,263,541,JAMSHEDPUR,GEN,66.33,BIDYUT BARAN MAHATO,BJP
Lok Sabha,2014,BIHAR,40,612,JAMUI,SC,50.01,CHIRAG KUMAR PASWAN,LJP
Lok Sabha,2014,WEST BENGAL,434,595,JANGIPUR,GEN,80.41,ABHIJIT MUKHERJEE,INC
Lok Sabha,2014,CHHATTISGARH,108,509,JANJGIR-CHAMPA,SC,61.77,KAMLA PATLE,BJP
Lok Sabha,2014,UTTAR PRADESH,255,662,JAUNPUR,GEN,54.47,KRISHNA PRATAP,BJP
Lok Sabha,2014,WEST BENGAL,531,29,JAYNAGAR,SC,68.65,PRATIMA MONDAL,AITC
Lok Sabha,2014,RAJASTHAN,415,623,JHALAWAR-BARAN,GEN,57.02,DUSHYANT CHAUTALA,BJP
Lok Sabha,2014,BIHAR,179,691,JHANJHARPUR,GEN,68.36,BIRENDRA KUMAR CHAUDHARY,BJP
Lok Sabha,2014,UTTAR PRADESH,352,636,JHANSI,GEN,85.26,UMA BHARTI,BJP
Lok Sabha,2014,WEST BENGAL,366,546,JHARGRAM,ST,59.32,UMA SAREN,AITC
Lok Sabha,2014,RAJASTHAN,394,761,JHUNJHUNU,GEN,62.44,SANTOSH AHLAWAT,BJP
Lok Sabha,2014,RAJASTHAN,406,746,JODHPUR,GEN,75.45,GAJENDRA SINGH SHEKHAWAT ,BJP
Lok Sabha,2014,ASSAM,170,722,JORHAT,GEN,81.31,KAMAKHYA PRASAD TASA,BJP
Lok Sabha,2014,GUJARAT,278,495,JUNAGADH,GEN,63.37,CHUDASAMA RAJESHBHAI NARANBHAI,BJP
Lok Sabha,2014,GUJARAT,266,161,KACHCHH,SC,61.69,CHAVDA VINOD LAKHMASHI,BJP
Lok Sabha,2014,ANDHRA PRADESH,157,376,KADAPA,GEN,77.43,AVINASH REDDY YEDUGURI SANDINTI,Yuvajana Sramika Rythu Congress Party
Lok Sabha,2014,UTTAR PRADESH,416,797,KAIRANA,GEN,73.07,HUKUM SINGH ,BJP
Lok Sabha,2014,UTTAR PRADESH,249,731,KAISERGANJ,GEN,55.1,BRIJBHUSHAN SHARAN SINGH,BJP
Lok Sabha,2014,ANDHRA PRADESH,142,410,KAKINADA,GEN,77.56,THOTA VENKATA NARASIMHAM,TDP
Lok Sabha,2014,ORISSA,84,477,KALAHANDI,GEN,75.81,ARKA KESHARI DEO,BJD
Lok Sabha,2014,ASSAM,169,697,KALIABOR,GEN,80.01,GOURAV GOGOI,INC
Lok Sabha,2014,TAMIL NADU,486,342,KALLAKURICHI,GEN,78.39,K. KAMARAJ,AIADMK
Lok Sabha,2014,MAHARASHTRA,333,447,KALYAN,GEN,42.88,DR. SHRIKANT EKNATH SHINDE,SHS
Lok Sabha,2014,TAMIL NADU,478,351,KANCHEEPURAM,SC,76.24,MARAGATHAM K,AIADMK
Lok Sabha,2014,ORISSA,86,475,KANDHAMAL,GEN,73.4,HEMENDRA CHANDRA SINGH,BJD
Lok Sabha,2014,HIMACHAL PRADESH,458,821,KANGRA,GEN,63.52,SHANTA KUMAR,BJP
Lok Sabha,2014,CHHATTISGARH,116,476,KANKER,ST,70.24,VIKRAM USENDI,BJP
Lok Sabha,2014,UTTAR PRADESH,433,721,KANNAUJ,GEN,61.61,DIMPLE YADAV,SP
Lok Sabha,2014,TAMIL NADU,511,300,KANNIYAKUMARI,GEN,67.5,RADHAKRISHNAN P.,BJP
Lok Sabha,2014,KERALA,43,343,KANNUR,GEN,80.93,P.K. SREEMATHI,CPI(M)
Lok Sabha,2014,UTTAR PRADESH,349,678,KANPUR,GEN,51.83,DR. MURLI MANOHAR JOSHI,BJP
Lok Sabha,2014,WEST BENGAL,445,506,KANTHI,GEN,86.61,SISIR KUMAR ADHIKARI,AITC
Lok Sabha,2014,BIHAR,35,617,KARAKAT,GEN,50.31,UPENDRA KUSHWAHA,Rashtriya Lok Samta Party
Lok Sabha,2014,RAJASTHAN,400,709,KARAULI-DHOLPUR,SC,54.59,MANOJ RAJORIA,BJP
Lok Sabha,2014,ASSAM,25,602,KARIMGANJ,SC,76.07,RADHESHYAM BISWAS,AIUDF
Lok Sabha,2014,ANDHRA PRADESH,3,433,KARIMNAGAR,GEN,72.59,VINOD KUMAR BOINAPALLY,TRS
Lok Sabha,2014,HARYANA,380,796,KARNAL,GEN,70.86,ASHWINI KUMAR,BJP
Lok Sabha,2014,TAMIL NADU,495,327,KARUR,GEN,80.61,THAMBITHURAI M.,AIADMK
Lok Sabha,2014,KERALA,42,154,KASARAGOD,GEN,78.33,P. KARUNAKARAN,CPI(M)
Lok Sabha,2014,BIHAR,306,647,KATIHAR,GEN,67.6,SHAH TARIQUE ANWAR,NCP
Lok Sabha,2014,UTTAR PRADESH,244,652,KAUSHAMBI,SC,52.33,VINOD KUMAR SONKAR,BJP
Lok Sabha,2014,ORISSA,234,474,KENDRAPARA,GEN,73.36,SRI BAIJAYANT PANDA,BJD
Lok Sabha,2014,ORISSA,227,505,KEONJHAR,ST,80.48,SAKUNTALA LAGURI,BJD
Lok Sabha,2014,PUNJAB,466,816,KHADOOR SAHIB,GEN,66.56,RANJIT SINGH BRAHMPURA,SAD
Lok Sabha,2014,BIHAR,310,648,KHAGARIA,GEN,60.07,CHOUDHARY MAHBOOB ALI KAISER,LJP
Lok Sabha,2014,MADHYA PRADESH,189,133,KHAJURAHO,GEN,51.36,NAGENDRA SINGH,BJP
Lok Sabha,2014,ANDHRA PRADESH,17,416,KHAMMAM,GEN,82.13,PONGULETI SRINIVASA REDDY,Yuvajana Sramika Rythu Congress Party
Lok Sabha,2014,MADHYA PRADESH,330,529,KHANDWA,GEN,71.46,NANDKUMAR SINGH CHOUHAN,BJP
Lok Sabha,2014,MADHYA PRADESH,329,511,KHARGONE,ST,67.67,SUBHASH PATEL,BJP
Lok Sabha,2014,GUJARAT,282,547,KHEDA,GEN,59.76,CHAUHAN DEVUSINH JESINGBHAI,BJP
Lok Sabha,2014,UTTAR PRADESH,524,769,KHERI,GEN,64.18,AJAY KUMAR MISHRA,BJP
Lok Sabha,2014,JHARKHAND,119,552,KHUNTI,ST,66.28,KARIYA MUNDA,BJP
Lok Sabha,2014,BIHAR,305,681,KISHANGANJ,GEN,64.52,MOHAMMAD ASRARUL HAQUE,INC
Lok Sabha,2014,JHARKHAND,118,601,KODARMA,GEN,62.51,RAVINDRA KUMAR RAY,BJP
Lok Sabha,2014,ASSAM,163,702,KOKRAJHAR,ST,81.29,NABA KUMAR SARANIA,IND
Lok Sabha,2014,KARNATAKA,141,364,KOLAR,SC,75.51,K.H. MUNIYAPPA,INC
Lok Sabha,2014,MAHARASHTRA,225,394,KOLHAPUR,GEN,71.68,DHANANJAY BHIMRAO MAHADIK,NCP
Lok Sabha,2014,WEST BENGAL,535,518,KOLKATA DAKSHIN ,GEN,69.3,SUBRATA BAKSHI,AITC
Lok Sabha,2014,WEST BENGAL,536,524,KOLKATA UTTAR,GEN,66.65,SUDIP BANDYOPADHYAY,AITC
Lok Sabha,2014,KERALA,59,304,KOLLAM,GEN,72.09,N.K. PREMACHANDRAN,Revolutionary Socialist Party
Lok Sabha,2014,KARNATAKA,131,387,KOPPAL,GEN,65.57,SANGANNA A. KARADI,BJP
Lok Sabha,2014,ORISSA,89,458,KORAPUT,ST,76.09,JHINA HIKAKA,BJD
Lok Sabha,2014,CHHATTISGARH,109,574,KORBA,GEN,74.16,DR. BANSHILAL MAHATO,BJP
Lok Sabha,2014,RAJASTHAN,414,646,KOTA,GEN,66.2,OM BIRLA,BJP
Lok Sabha,2014,KERALA,55,311,KOTTAYAM,GEN,71.6,JOSE K. MANI,Kerala Congress (M)
Lok Sabha,2014,KERALA,46,335,KOZHIKODE,GEN,79.75,M.K. RAGHAVAN,INC
Lok Sabha,2014,TAMIL NADU,481,350,KRISHNAGIRI,GEN,77.42,ASHOK KUMAR. K.,AIADMK
Lok Sabha,2014,WEST BENGAL,437,1,KRISHNANAGAR,GEN,84.5,TAPAS PAUL,AITC
Lok Sabha,2014,ANDHRA PRADESH,154,384,KURNOOL,GEN,71.92,BUTTA RENUKA,Yuvajana Sramika Rythu Congress Party
Lok Sabha,2014,HARYANA,377,798,KURUKSHETRA,GEN,75.8,RAJKUMAR SAINI,BJP
Lok Sabha,2014,UTTAR PRADESH,92,724,KUSHI NAGAR,GEN,56.54,RAJESH PANDEY ALIAS GUDDU,BJP
Lok Sabha,2014,JAMMU & KASHMIR,463,177,LADAKH,GEN,70.78,THUPSTAN CHHEWANG,BJP
Lok Sabha,2014,ASSAM,172,747,LAKHIMPUR,GEN,77.71,SARBANANDA SONOWAL,BJP
Lok Sabha,2014,LAKSHADWEEP,124,135,LAKSHADWEEP,ST,86.61,MOHAMMED FAIZAL P.P,NCP
Lok Sabha,2014,UTTAR PRADESH,95,673,LALGANJ,SC,54.09,NEELAM SONKAR,BJP
Lok Sabha,2014,MAHARASHTRA,219,438,LATUR,SC,62.83,GAIKWAD SUNIL BALIRAM,BJP
Lok Sabha,2014,JHARKHAND,120,564,LOHARDAGA,ST,58.21,SUDARSHAN BHAGAT,BJP
Lok Sabha,2014,UTTAR PRADESH,347,703,LUCKNOW,GEN,53.02,RAJNATH SINGH,BJP
Lok Sabha,2014,PUNJAB,470,807,LUDHIANA,GEN,70.49,RAVNEET SINGH BITTU,INC
Lok Sabha,2014,UTTAR PRADESH,100,644,MACHHLISHAHR,SC,52.74,RAM CHARITRA NISHAD,BJP
Lok Sabha,2014,ANDHRA PRADESH,147,392,MACHILIPATNAM,GEN,83.33,KONAKALLA NARAYANA RAO,TDP
Lok Sabha,2014,MAHARASHTRA,221,425,MADHA,GEN,62.5,MOHITE PATIL VIJAYSINH SHANKARRAO,NCP
Lok Sabha,2014,BIHAR,308,659,MADHEPURA,GEN,59.97,RAJESH RANJAN ALIAS PAPPU YADAV,RJD
Lok Sabha,2014,BIHAR,178,689,MADHUBANI,GEN,52.85,HUKUM DEO NARAYAN YADAV,BJP
Lok Sabha,2014,TAMIL NADU,504,315,MADURAI,GEN,67.87,R. GOPALAKRISHNAN,AIADMK
Lok Sabha,2014,ANDHRA PRADESH,16,427,MAHABUBABAD,ST,81.04,PROF. AZMEERA SEETARAM NAIK,TRS
Lok Sabha,2014,BIHAR,30,729,MAHARAJGANJ,GEN,51.48,JANARDHAN SINGH SIGRIWAL,BJP
Lok Sabha,2014,UTTAR PRADESH,90,729,MAHARAJGANJ,GEN,51.48,PANKAJ CHAUDHARY,BJP
Lok Sabha,2014,CHHATTISGARH,114,490,MAHASAMUND,GEN,74.63,CHANDU LAL SAHU ALIAS CHANDU BHAIYA S/O LATE PUNEEN RAM,BJP
Lok Sabha,2014,ANDHRA PRADESH,11,402,MAHBUBNAGAR,GEN,71.53,A.P. JITENDER REDDY,TRS
Lok Sabha,2014,GUJARAT,269,571,MAHESANA,GEN,67.03,PATEL JAYSHREEBEN KANUBHAI,BJP
Lok Sabha,2014,UTTAR PRADESH,429,728,MAINPURI,GEN,60.45,MULAYAM SINGH YADAV,SP
Lok Sabha,2014,KERALA,47,330,MALAPPURAM,GEN,71.21,E. AHAMED,IUML
Lok Sabha,2014,WEST BENGAL,364,614,MALDAHA DAKSHIN,GEN,81.09,ABU HASEM KHAN CHOWDHURY,INC
Lok Sabha,2014,WEST BENGAL,363,627,MALDAHA UTTAR,GEN,81.59,MAUSAM NOOR,INC
Lok Sabha,2014,ANDHRA PRADESH,7,415,MALKAJGIRI,GEN,50.9,CH. MALLA REDDY,TDP
Lok Sabha,2014,HIMACHAL PRADESH,459,822,MANDI,GEN,63.12,RAM SWAROOP SHARMA,BJP
Lok Sabha,2014,MADHYA PRADESH,195,553,MANDLA,ST,66.79,FAGGAN SINGH KULASTE,BJP
Lok Sabha,2014,MADHYA PRADESH,325,603,MANDSOUR,GEN,71.4,SUDHIR GUPTA,BJP
Lok Sabha,2014,KARNATAKA,300,353,MANDYA,GEN,71.45,C.S. PUTTARAJU,JD(S)
Lok Sabha,2014,ASSAM,166,704,MANGALDOI,GEN,81.37,RAMEN DEKA,BJP
Lok Sabha,2014,UTTAR PRADESH,425,748,MATHURA,GEN,64.01,DEOL HEMA MALINI DHARMENDRA,BJP
Lok Sabha,2014,WEST BENGAL,532,3,MATHURAPUR,SC,85,CHOUDHURY MOHAN JATUA,AITC
Lok Sabha,2014,MAHARASHTRA,211,440,MAVAL,GEN,60.11,BARNE SHRIRANG CHANDU,SHS
Lok Sabha,2014,KERALA,57,308,MAVELIKKARA,SC,70.97,KODIKKUNNIL SURESH,INC
Lok Sabha,2014,TAMIL NADU,500,331,MAYILADUTHURAI,GEN,75.95,BHARATHI MOHAN R.K,AIADMK
Lok Sabha,2014,ORISSA,228,516,MAYURBHANJ,ST,79.35,RAMA CHANDRA HANSDAH,BJD
Lok Sabha,2014,ANDHRA PRADESH,6,422,MEDAK,GEN,77.51,KALVAKUNTLA CHANDRASHEKAR RAO,TRS
Lok Sabha,2014,WEST BENGAL,367,523,MEDINIPUR,GEN,84.02,SANDHYA ROY,AITC
Lok Sabha,2014,UTTAR PRADESH,418,781,MEERUT,GEN,63.1,RAJENDRA AGARWAL,BJP
Lok Sabha,2014,UTTAR PRADESH,104,615,MIRZAPUR,GEN,58.56,ANUPRIYA SINGH PATEL,Apna Dal
Lok Sabha,2014,UTTAR PRADESH,344,734,MISRIKH,SC,57.85,ANJU BALA,BJP
Lok Sabha,2014,MIZORAM,78,589,MIZORAM,ST,61.69,C. L. RUALA,INC
Lok Sabha,2014,UTTAR PRADESH,346,726,MOHANLALGANJ,SC,60.74,KAUSHAL KISHORE,BJP
Lok Sabha,2014,UTTAR PRADESH,515,793,MORADABAD,GEN,63.65,KUNWAR SARVESH KUMAR,BJP
Lok Sabha,2014,MADHYA PRADESH,315,698,MORENA,GEN,50.18,ANOOP MISHRA,BJP
Lok Sabha,2014,MAHARASHTRA,335,444,MUMBAI NORTH,GEN,53.06,GOPAL CHINAYYA SHETTY,BJP
Lok Sabha,2014,MAHARASHTRA,338,437,MUMBAI NORTH CENTRAL,GEN,48.61,POONAM MAHAJAN ALIAS POONAM VAJENDLA RAO,BJP
Lok Sabha,2014,MAHARASHTRA,337,443,MUMBAI NORTH EAST,GEN,51.65,KIRIT SOMAIYA,BJP
Lok Sabha,2014,MAHARASHTRA,336,442,MUMBAI NORTH WEST,GEN,50.44,GAJANAN CHANDRAKANT KIRTIKAR,SHS
Lok Sabha,2014,MAHARASHTRA,340,434,MUMBAI SOUTH,GEN,52.54,SAWANT ARVIND GANPAT,SHS
Lok Sabha,2014,MAHARASHTRA,339,435,MUMBAI SOUTH CENTRAL,GEN,53.12,RAHUL RAMESH SHEWARE,SHS
Lok Sabha,2014,BIHAR,313,629,MUNGER,GEN,53.89,VEENA DEVI,LJP
Lok Sabha,2014,WEST BENGAL,436,585,MURSHIDABAD,GEN,85.16,BADARUDDOZA KHAN,CPI(M)
Lok Sabha,2014,UTTAR PRADESH,417,791,MUZAFFARNAGAR,GEN,69.72,DR. SANJEEV KUMAR BALIYAN,BJP
Lok Sabha,2014,BIHAR,181,671,MUZAFFARPUR,GEN,61.16,AJAY NISHAD,BJP
Lok Sabha,2014,KARNATAKA,301,348,MYSORE,GEN,67.3,PRATHAP SIMHA,BJP
Lok Sabha,2014,ORISSA,85,461,NABARANGPUR,ST,78.8,BALABHADRA MAJHI,BJD
Lok Sabha,2014,NAGALAND,79,714,NAGALAND,GEN,87.82,NEIPHIU RIO,NPF
Lok Sabha,2014,TAMIL NADU,501,324,NAGAPATTINAM,SC,77.83,DR. K. GOPAL,AIADMK
Lok Sabha,2014,ANDHRA PRADESH,12,400,NAGARKURNOOL,SC,75.07,NANDI YELLAIAH,INC
Lok Sabha,2014,RAJASTHAN,404,738,NAGAUR,GEN,59.81,C.R. CHOUDHARY,BJP
Lok Sabha,2014,UTTAR PRADESH,514,794,NAGINA,SC,63.09,YASHWANT SINGH,BJP
Lok Sabha,2014,MAHARASHTRA,67,480,NAGPUR,GEN,57.08,NITIN JAIRAM GADKARI,BJP
Lok Sabha,2014,UTTARAKHAND,540,790,NAINITAL-UDHAMSINGH NAGAR,GEN,68.38,BHAGAT SINGH KOSHYARI,BJP
Lok Sabha,2014,BIHAR,373,624,NALANDA,GEN,47.22,KAUSHLENDRA KUMAR,JD(U)
Lok Sabha,2014,ANDHRA PRADESH,13,405,NALGONDA,GEN,79.53,GUTHA SUKENDER REDDY,INC
Lok Sabha,2014,TAMIL NADU,488,336,NAMAKKAL,GEN,79.63,SUNDARAM P.R.,AIADMK
Lok Sabha,2014,MAHARASHTRA,73,448,NANDED,GEN,60.07,ASHOKRAO SHANKARRAO CHAVAN,INC
Lok Sabha,2014,MAHARASHTRA,202,501,NANDURBAR,ST,66.76,DR. GAVIT HEENA VAIJAYKUMAR,BJP
Lok Sabha,2014,ANDHRA PRADESH,153,386,NANDYAL,GEN,76.4,S.P.Y. REDDY,Yuvajana Sramika Rythu Congress Party
Lok Sabha,2014,ANDHRA PRADESH,150,395,NARASARAOPET,GEN,84.63,RAYAPATI SAMBASIVA RAO,TDP
Lok Sabha,2014,ANDHRA PRADESH,145,397,NARSAPURAM,GEN,82.18,GOKARAJU GANGA RAJU,BJP
Lok Sabha,2014,MAHARASHTRA,209,462,NASHIK,GEN,58.84,GODSE HEMENT TUKARAM,SHS
Lok Sabha,2014,GUJARAT,290,481,NAVSARI,GEN,65.78,CHANDRAKANT RAGHUNATH PATIL,BJP
Lok Sabha,2014,BIHAR,39,616,NAWADA,GEN,52.78,GIRIRAJ SINGH,BJP
Lok Sabha,2014,ANDHRA PRADESH,158,378,NELLORE,GEN,73.94,MEKAPATI RAJAMOHAN REDDY,Yuvajana Sramika Rythu Congress Party
Lok Sabha,2014,NATIONAL CAPITAL TERRITORY OF DELHI,454,766,NEW DELHI,GEN,65.08,MEENAKSHI LEKHI,BJP
Lok Sabha,2014,TAMIL NADU,491,337,NILGIRIS,SC,73.52,GOPALAKRISHNAN C.,AIADMK
Lok Sabha,2014,ANDHRA PRADESH,4,436,NIZAMABAD,GEN,69.1,KALVAKUNTLA KAVITHA,TRS
Lok Sabha,2014,NATIONAL CAPITAL TERRITORY OF DELHI,452,168,NORTH EAST DELHI,GEN,67.29,MANOJ TIWARI,BJP
Lok Sabha,2014,GOA,186,382,NORTH GOA,GEN,78.89,SHRIPAD YESSO NAIK,BJP
Lok Sabha,2014,NATIONAL CAPITAL TERRITORY OF DELHI,455,775,NORTH WEST DELHI,SC,61.79,UDIT RAJ,BJP
Lok Sabha,2014,ASSAM,168,679,NOWGONG,GEN,80.72,RAJEN GOHAIN,BJP
Lok Sabha,2014,ANDHRA PRADESH,152,389,ONGOLE,GEN,82.17,YARRAM VENKATA SUBBAREDDY,Yuvajana Sramika Rythu Congress Party
Lok Sabha,2014,MAHARASHTRA,218,430,OSMANABAD,GEN,64.75,GAIKWAD RAVINDRA VISHWANATH,SHS
Lok Sabha,2014,MANIPUR,75,635,OUTER MANIPUR,ST,83.98,THANGSO BAITE,INC
Lok Sabha,2014,KERALA,49,326,PALAKKAD,GEN,75.31,M.B. RAJESH,CPI(M)
Lok Sabha,2014,JHARKHAND,121,596,PALAMAU,SC,59.38,VISHNU DAYAL RAM,BJP
Lok Sabha,2014,MAHARASHTRA,331,464,PALGHAR,ST,62.9,WANAGA CHINTAMAN NAVASHA,BJP
Lok Sabha,2014,RAJASTHAN,405,705,PALI,GEN,57.87,P.P. CHOUDHARY,BJP
Lok Sabha,2014,GUJARAT,283,557,PANCHMAHAL,GEN,59.2,CHAUHAN PRABHATSINH PRATAPSINH,BJP
Lok Sabha,2014,MAHARASHTRA,74,455,PARBHANI,GEN,64.43,JADHAV SANJAY (BANDU) HARIBHAU,SHS
Lok Sabha,2014,BIHAR,174,711,PASCHIM CHAMPARAN,GEN,60.49,DR. SANJAY JAISWAL,BJP
Lok Sabha,2014,BIHAR,375,638,PATALIPUTRA,GEN,56.37,RAM KRIPAL YADAV,BJP
Lok Sabha,2014,GUJARAT,268,584,PATAN,GEN,58.69,LILADHARBHAI KHODAJI VAGHELA,BJP
Lok Sabha,2014,KERALA,58,306,PATHANAMTHITTA,GEN,65.67,ANTO ANTONY,INC
Lok Sabha,2014,PUNJAB,390,803,PATIALA,GEN,70.93,DR. DHARAM VIRA GANDHI,AAP
Lok Sabha,2014,BIHAR,374,633,PATNA SAHIB,GEN,45.33,SHATRUGHAN SINHA,BJP
Lok Sabha,2014,ANDHRA PRADESH,2,445,PEDDAPALLI,SC,71.71,BALKA SUMAN,TRS
Lok Sabha,2014,TAMIL NADU,497,333,PERAMBALUR,GEN,80.19,R.P. MARUTHARAJAA,AIADMK
Lok Sabha,2014,UTTAR PRADESH,245,641,PHULPUR,GEN,50.19,KESHAV PRASAD,BJP
Lok Sabha,2014,UTTAR PRADESH,522,776,PILIBHIT,GEN,62.86,MANEKA GANDHI,BJP
Lok Sabha,2014,TAMIL NADU,493,325,POLLACHI,GEN,73.3,MAHENDRAN C.,AIADMK
Lok Sabha,2014,PUDUCHERRY,543,120,PONDICHERRY,GEN,82.1,R. RADHAKRISHNAN,All India N.R. Congress
Lok Sabha,2014,KERALA,48,329,PONNANI,GEN,73.81,E.T. MUHAMMED BASHEER,IUML
Lok Sabha,2014,GUJARAT,276,504,PORBANDAR,GEN,52.59,VITTHALBHAI HANSRAJBHAI RADADIYA,BJP
Lok Sabha,2014,UTTAR PRADESH,242,661,PRATAPGARH,GEN,52.11,KUNWAR HARIVANSH SINGH,Apna Dal
Lok Sabha,2014,MAHARASHTRA,212,426,PUNE,GEN,54.1,ANIL SHIROLE,BJP
Lok Sabha,2014,ORISSA,236,463,PURI,GEN,74,PINAKI MISRA,BJD
Lok Sabha,2014,BIHAR,307,654,PURNIA,GEN,64.29,SANTOSH KUMAR GANGWAR,JD(U)
Lok Sabha,2014,WEST BENGAL,368,565,PURULIA,GEN,81.84,MRIGANKA MAHATO,AITC
Lok Sabha,2014,BIHAR,175,696,PURVI CHAMPARAN,GEN,56.62,RADHA MOHAN SINGH,BJP
Lok Sabha,2014,UTTAR PRADESH,348,684,RAE BARELI,GEN,51.73,SONIA GANDHI,INC
Lok Sabha,2014,KARNATAKA,129,396,RAICHUR,ST,58.31,B.V. NAYAK,INC
Lok Sabha,2014,MAHARASHTRA,210,432,RAIGAD,GEN,64.44,GEETE ANANT GANGARAM,SHS
Lok Sabha,2014,WEST BENGAL,361,667,RAIGANJ,GEN,79.87,MOHD. SALIM,CPI(M)
Lok Sabha,2014,CHHATTISGARH,107,549,RAIGARH,ST,77.6,VISHNU DEO SAI,BJP
Lok Sabha,2014,CHHATTISGARH,113,498,RAIPUR,GEN,65.69,RAMESH BAIS,BJP
Lok Sabha,2014,ANDHRA PRADESH,144,403,RAJAHMUNDRY,GEN,81.22,MURALI MOHAN MAGANTI,TDP
Lok Sabha,2014,ANDHRA PRADESH,160,370,RAJAMPET,GEN,77.87,P.V. MIDHUN REDDY,Yuvajana Sramika Rythu Congress Party
Lok Sabha,2014,MADHYA PRADESH,322,594,RAJGARH,GEN,64.02,RODMAL NAGAR,BJP
Lok Sabha,2014,GUJARAT,275,539,RAJKOT,GEN,63.84,MOHANBHAI KALYANJIBHAI KUNDARIYA,BJP
Lok Sabha,2014,JHARKHAND,257,621,RAJMAHAL,ST,70.32,VIJAY KUMAR HANSDAK,JMM
Lok Sabha,2014,CHHATTISGARH,111,513,RAJNANDGAON,GEN,74.2,ABHISHEK SINGH,BJP
Lok Sabha,2014,RAJASTHAN,412,717,RAJSAMAND,GEN,57.79,HARI OM SINGH RATHORE,BJP
Lok Sabha,2014,TAMIL NADU,507,314,RAMANATHAPURAM,GEN,68.76,ANWHAR RAAJHAA. A,AIADMK
Lok Sabha,2014,UTTAR PRADESH,516,783,RAMPUR,GEN,59.15,DR. NEPAL SINGH,BJP
Lok Sabha,2014,MAHARASHTRA,66,496,RAMTEK,SC,62.62,KRUPAL BALAJI TUMANE,SHS
Lok Sabha,2014,WEST BENGAL,438,560,RANAGHAT,SC,84.42,TAPAS MANDAL,AITC
Lok Sabha,2014,JHARKHAND,262,567,RANCHI,GEN,63.68,RAM TAHAL CHOUDHARY,BJP
Lok Sabha,2014,MADHYA PRADESH,326,561,RATLAM,ST,63.59,DILEEP SINGH BHURIA,BJP
Lok Sabha,2014,MAHARASHTRA,224,411,RATNAGIRI SINDHUDURG,GEN,65.55,VINAYAK BHAURAO RAUT,SHS
Lok Sabha,2014,MAHARASHTRA,205,485,RAVER,GEN,63.34,KHADASE RAKSHA NIKHIL,BJP
Lok Sabha,2014,MADHYA PRADESH,191,610,REWA,GEN,53.73,JANARDAN MISRA,BJP
Lok Sabha,2014,UTTAR PRADESH,105,613,ROBERTSGANJ,SC,54.03,CHHOTE LAL,BJP
Lok Sabha,2014,HARYANA,382,782,ROHTAK,GEN,66.62,DEEPENDER SINGH,INC
Lok Sabha,2014,GUJARAT,270,587,SABARKANTHA,GEN,67.7,DIPSINH SHANKARSINH RATHOD,BJP
Lok Sabha,2014,MADHYA PRADESH,319,586,SAGAR,GEN,58.67,LAXMI NARAYAN YADAV,BJP
Lok Sabha,2014,UTTAR PRADESH,512,800,SAHARANPUR,GEN,74.23,RAGHAV LAKHANPAL,BJP
Lok Sabha,2014,TAMIL NADU,487,341,SALEM,GEN,76.77,PANNERSELVAM V.,AIADMK
Lok Sabha,2014,UTTAR PRADESH,98,676,SALEMPUR,GEN,51.44,RAVINDRA KUSHWAHA,BJP
Lok Sabha,2014,BIHAR,185,657,SAMASTIPUR,SC,57.43,RAM CHANDRA PASWAN,LJP
Lok Sabha,2014,ORISSA,82,507,SAMBALPUR,GEN,75.89,NAGENDRA KUMAR PRADHAN,BJD
Lok Sabha,2014,UTTAR PRADESH,517,777,SAMBHAL,GEN,62.42,SATYA PAL SINGH,BJP
Lok Sabha,2014,MAHARASHTRA,222,412,SANGLI,GEN,63.47,SANJAYKAKA PATIL,BJP
Lok Sabha,2014,PUNJAB,389,802,SANGRUR,GEN,77.17,BHAGWANT MANN,AAP
Lok Sabha,2014,UTTAR PRADESH,254,716,SANT KABIR NAGAR,GEN,53.12,SHARAD TRIPATHI,BJP
Lok Sabha,2014,BIHAR,31,656,SARAN,GEN,56.1,RAJIV PRATAP RUDY,BJP
Lok Sabha,2014,BIHAR,34,619,SASARAM,SC,52.67,CHHEDI PASWAN,BJP
Lok Sabha,2014,MAHARASHTRA,223,421,SATARA,GEN,56.78,SHRIMANT CHH. UDAYANRAJE PRATAPSINHA BHONSALE,NCP
Lok Sabha,2014,MADHYA PRADESH,190,609,SATNA,GEN,62.65,GANESH SINGH,BJP
Lok Sabha,2014,ANDHRA PRADESH,8,407,SECUNDERABAD,GEN,53.01,BANDARU DATTATREYA,BJP
Lok Sabha,2014,MADHYA PRADESH,193,578,SHAHDOL,ST,62.03,DALPAT SINGH PARASTE,BJP
Lok Sabha,2014,UTTAR PRADESH,523,757,SHAHJAHANPUR,SC,57.08,KRISHNA RAJ,BJP
Lok Sabha,2014,BIHAR,176,173,SHEOHAR,GEN,56.58,RAMA DEVI,BJP
Lok Sabha,2014,MEGHALAYA,76,658,SHILLONG,ST,63.22,VINCENT H. PALA,INC
Lok Sabha,2014,HIMACHAL PRADESH,461,813,SHIMLA,SC,63.97,VIRENDER KASHYAP,BJP
Lok Sabha,2014,KARNATAKA,296,372,SHIMOGA,GEN,72.27,B.S. YEDDYURAPPA,BJP
Lok Sabha,2014,MAHARASHTRA,216,459,SHIRDI,SC,63.89,LOKHANDE SADASHIV KISAN,SHS
Lok Sabha,2014,MAHARASHTRA,214,449,SHIRUR,GEN,59.73,ADHALRAO SHIVAJI DATTATREY,SHS
Lok Sabha,2014,UTTAR PRADESH,250,745,SHRAWASTI,GEN,54.79,DADDAN MISHRA,BJP
Lok Sabha,2014,MADHYA PRADESH,192,598,SIDHI,GEN,56.99,RITI PATHAK,BJP
Lok Sabha,2014,RAJASTHAN,395,744,SIKAR,GEN,60.2,SWAMI SUMEDHA NAND SARASWATI,BJP
Lok Sabha,2014,SIKKIM,341,752,SIKKIM,GEN,83.37,PREM DAS RAI,SDF
Lok Sabha,2014,ASSAM,26,608,SILCHAR,GEN,75.44,SUSHMITA DEV,INC
Lok Sabha,2014,JHARKHAND,264,536,SINGHBHUM,ST,69,LAXMAN GILUA,BJP
Lok Sabha,2014,HARYANA,378,795,SIRSA,SC,77.03,CHARANJEET SINGH RORI,INLD
Lok Sabha,2014,BIHAR,177,699,SITAMARHI,GEN,57.18,RAM KUMAR SHARMA,Rashtriya Lok Samta Party
Lok Sabha,2014,UTTAR PRADESH,342,742,SITAPUR,GEN,66.25,RAJESH KUMAR SINGH,BJP
Lok Sabha,2014,TAMIL NADU,503,318,SIVAGANGA,GEN,72.72,PR SENTHILNATHAN,AIADMK
Lok Sabha,2014,BIHAR,29,669,SIWAN,GEN,56.53,OM PRAKASH YADAV,BJP
Lok Sabha,2014,MAHARASHTRA,220,417,SOLAPUR,SC,55.86,SHARADKUMAR MARUTI BANSODE,BJP
Lok Sabha,2014,HARYANA,381,788,SONIPAT,GEN,69.55,RAMESH KAUSHIK,BJP
Lok Sabha,2014,NATIONAL CAPITAL TERRITORY OF DELHI,457,764,SOUTH DELHI,GEN,62.9,RAMESH BIDHURI,BJP
Lok Sabha,2014,GOA,187,380,SOUTH GOA,GEN,75.25,ADV. NARENDRA KESHAV SAWAIKAR,BJP
Lok Sabha,2014,WEST BENGAL,441,534,SREERAMPUR,GEN,79.46,KALYAN BANERJEE,AITC
Lok Sabha,2014,ANDHRA PRADESH,19,439,SRIKAKULAM,GEN,74.36,RAMMOHANNAIDU KINJARAPU,TDP
Lok Sabha,2014,JAMMU & KASHMIR,386,826,SRINAGAR,GEN,25.9,TARIQ HAMEED KARRA,JKPDP
Lok Sabha,2014,TAMIL NADU,477,356,SRIPERUMBUDUR,GEN,66.1,RAMACHANDRAN K.N. ,AIADMK
Lok Sabha,2014,UTTAR PRADESH,241,677,SULTANPUR,GEN,56.64,FEROZE VARUN GANDHI,BJP
Lok Sabha,2014,ORISSA,81,514,SUNDARGARH,ST,71.65,JUAL ORAM,BJP
Lok Sabha,2014,BIHAR,303,682,SUPAUL,GEN,63.62,RANJEET RANJAN,INC
Lok Sabha,2014,GUJARAT,289,488,SURAT,GEN,63.87,JARDOSH DARSHNABEN VIKRAMBHAI,BJP
Lok Sabha,2014,GUJARAT,274,559,SURENDRANAGAR,GEN,57.02,FATEPARA DEVAJIBHAI GOVINDBHAI,BJP
Lok Sabha,2014,CHHATTISGARH,106,579,SURGUJA,ST,77.96,KAMALBHAN SINGH MARABI,BJP
Lok Sabha,2014,WEST BENGAL,444,512,TAMLUK,GEN,87.59,SUVENDU ADHIKARI,AITC
Lok Sabha,2014,UTTARAKHAND,537,814,TEHRI GARHWAL,GEN,57.38,MALA RAJYA LAXMI SHAH,BJP
Lok Sabha,2014,TAMIL NADU,509,307,TENKASI,SC,73.65,VASANTHI M.,AIADMK
Lok Sabha,2014,ASSAM,167,715,TEZPUR,GEN,77.86,RAM PRASAD SHARMA,BJP
Lok Sabha,2014,MAHARASHTRA,334,446,THANE,GEN,50.84,VICHARE RAJAN BABURAO,SHS
Lok Sabha,2014,TAMIL NADU,502,323,THANJAVUR,GEN,75.54,PARASURAMAN K,AIADMK
Lok Sabha,2014,TAMIL NADU,505,313,THENI,GEN,74.63,PARTHIPAN R.,AIADMK
Lok Sabha,2014,KERALA,61,301,THIRUVANANTHAPURAM,GEN,68.63,DR. SHASHI THAROOR,INC
Lok Sabha,2014,TAMIL NADU,508,305,THOOTHUKKUDI,GEN,69.95,JEYASINGH THIYAGARAJ NATTERJEE J.,AIADMK
Lok Sabha,2014,KERALA,51,319,THRISSUR,GEN,72.18,C.N. JAYADEVAN,CPI
Lok Sabha,2014,MADHYA PRADESH,320,630,TIKAMGARH,SC,50.12,DR. VIRENDRA KUMAR,BJP
Lok Sabha,2014,TAMIL NADU,496,322,TIRUCHIRAPPALLI,GEN,71.24,P. KUMAR S/O PALANIVEL,AIADMK
Lok Sabha,2014,TAMIL NADU,510,303,TIRUNELVELI,GEN,67.75,PRABAKARAN K.R.P,AIADMK
Lok Sabha,2014,ANDHRA PRADESH,159,371,TIRUPATI,SC,77.04,VARAPRASAD RAO VELAGAPALLI,Yuvajana Sramika Rythu Congress Party
Lok Sabha,2014,TAMIL NADU,490,339,TIRUPPUR,GEN,76.34,V. SATHYABAMA,AIADMK
Lok Sabha,2014,TAMIL NADU,473,363,TIRUVALLUR,SC,73.67,DR. VENUGOPAL P.,AIADMK
Lok Sabha,2014,TAMIL NADU,483,347,TIRUVANNAMALAI,GEN,78.9,VANAROJA R.,AIADMK
Lok Sabha,2014,RAJASTHAN,402,692,TONK-SAWAI MADHOPUR,GEN,60.97,SUKHBIR SINGH JANAPURIA,BJP
Lok Sabha,2014,TRIPURA,239,588,TRIPURA EAST,ST,83.41,JITENDRA CHOUDHURY,CPI(M)
Lok Sabha,2014,TRIPURA,238,580,TRIPURA WEST,GEN,85.92,SHANKAR PRASAD DATTA,CPI(M)
Lok Sabha,2014,KARNATAKA,135,368,TUMKUR,GEN,72.54,S.P. MUDDAHANUMEGOWDA,INC
Lok Sabha,2014,MEGHALAYA,77,655,TURA,ST,78.1,PURNO AGITOK SANGMA,NPP
Lok Sabha,2014,RAJASTHAN,409,607,UDAIPUR,ST,65.63,ARJUNLAL MEENA,BJP
Lok Sabha,2014,JAMMU & KASHMIR,188,824,UDHAMPUR,GEN,69.91,DR. JITENDRA SINGH,BJP
Lok Sabha,2014,KARNATAKA,297,367,UDUPI CHIKMAGALUR,GEN,74.54,SHOBHA KARANDLAJE,BJP
Lok Sabha,2014,BIHAR,184,649,UJIARPUR,GEN,60.13,NITYANAND RAI,BJP
Lok Sabha,2014,MADHYA PRADESH,324,573,UJJAIN,SC,66.63,CHINTAMANI MALVIYA,BJP
Lok Sabha,2014,WEST BENGAL,440,528,ULUBERIA,GEN,81.87,SULTAN AHMED,AITC
Lok Sabha,2014,UTTAR PRADESH,345,713,UNNAO,GEN,55.52,SWAMI SACHCHIANAND HARI SAKSHI,BJP
Lok Sabha,2014,KARNATAKA,133,385,UTTARA KANNADA,GEN,69.01,ANANTH KUMAR HEGDE,BJP
Lok Sabha,2014,KERALA,44,340,VADAKARA,GEN,81.13,MULLAPPALLY RAMACHANDRAN,INC
Lok Sabha,2014,GUJARAT,285,532,VADODARA,GEN,70.9,NARENDRA MODI,BJP
Lok Sabha,2014,BIHAR,182,171,VAISHALI,GEN,58.34,RAMA KISHORE SINGH,LJP
Lok Sabha,2014,BIHAR,173,735,VALMIKI NAGAR,GEN,61.8,SATISH DUBEY,BJP
Lok Sabha,2014,GUJARAT,291,166,VALSAD,ST,74.22,DR. K.C. PATEL,BJP
Lok Sabha,2014,UTTAR PRADESH,103,622,VARANASI,GEN,58.31,NARENDRA MODI,BJP
Lok Sabha,2014,TAMIL NADU,480,355,VELLORE,GEN,74.28,SENGUTTUVAN B.,AIADMK
Lok Sabha,2014,MADHYA PRADESH,199,572,VIDISHA,GEN,65.68,SUSHMA SWARAJ,BJP
Lok Sabha,2014,ANDHRA PRADESH,148,401,VIJAYAWADA,GEN,76.39,SRINIVAS KESINENI,TDP
Lok Sabha,2014,TAMIL NADU,485,344,VILUPPURAM,SC,76.97,S. RAJENDRAN,AIADMK
Lok Sabha,2014,TAMIL NADU,506,310,VIRUDHUNAGAR,GEN,74.86,RADHAKRISHNAN P.,AIADMK
Lok Sabha,2014,ANDHRA PRADESH,21,420,VISAKHAPATNAM,GEN,67.53,DR. KAMBHAMPATI HARI BABU,BJP
Lok Sabha,2014,ANDHRA PRADESH,20,431,VIZIANAGARAM,GEN,79.79,ASHOK GAJAPATHI RAJU PUSAPATI,TDP
Lok Sabha,2014,ANDHRA PRADESH,15,424,WARANGAL,SC,76.38,KADIYAM SRIHARI,TRS
Lok Sabha,2014,MAHARASHTRA,65,492,WARDHA,GEN,64.78,RAMDAS CHANDRABHANJI TADAS,BJP
Lok Sabha,2014,KERALA,45,338,WAYANAD,GEN,73.23,M.I. SHANAVAS,INC
Lok Sabha,2014,NATIONAL CAPITAL TERRITORY OF DELHI,456,767,WEST DELHI,GEN,66.1,PARVESH SAHIB SINGH,BJP
Lok Sabha,2014,MAHARASHTRA,71,472,YAVATMAL-WASHIM,GEN,59.25,KUMAR BHAVANA PUNDLIKRAO GAWALI (PATIL),SHS
Lok Sabha,2014,ANDHRA PRADESH,5,428,ZAHIRABAD,GEN,75.75,B.B. PATIL,TRS
