"","AC_no","AC_name","AC_type","Voters","Cand1","Party1","Votes1","Position","Vote_percent"
"7699",13,"ADAPUR","GEN",53788,"RAMPRIT RAI","INC",14784,1,0.274856845393024
"7709",123,"ALAMNAGAR","GEN",66612,"VIDYAKAR KAVI","INC",25473,2,0.382408575031526
"7712",184,"ALAULI","SC",47110,"MISHRI SADA","INC",18705,2,0.397049458713649
"7716",172,"AMARPUR","GEN",60930,"BALRAM RAI","INC",1932,3,0.0317085179714426
"7730",136,"AMOUR","GEN",51764,"MD. MOIJUDDIN MUNSHI","INC",10761,2,0.207885789351673
"7747",130,"ARARIA","GEN",55441,"SHRIDEV JHA","INC",13901,1,0.250735015602172
"7754",216,"ARRAH","GEN",48924,"MD. ISHA","INC",15385,2,0.314467337094269
"7777",193,"ASTHAWAN","GEN",85272,"AYODHAYA PRASAD","INC",7750,3,0.0908856365512712
"7793",256,"ATRI","GEN",93000,"MAHESHWARI PRASAD SINGH","INC",5535,4,0.0595161290322581
"7806",62,"AURAI","GEN",66243,"RAMJANM OJHA","INC",14078,2,0.212520568210981
"7816",238,"AURANGABAD","GEN",50289,"RAM NARESH SINGH","INC",16443,1,0.326970112748315
"7826",77,"BABUBARHI","GEN",59164,"MAHENDRA NARAYAN JHA","INC",23761,2,0.401612467040768
"7831",107,"BACHWARA","GEN",62916,"RAMDEO RAI","INC",36345,1,0.577674995231738
"7834",2,"BAGHA","SC",54037,"NARSINGH BAITHA","INC",32058,1,0.593260173584766
"7855",281,"BAGHMARA","GEN",48912,"SHANKAR DAYAL SINGH","INC",21937,1,0.448499345763821
"7860",272,"BAGODAR","GEN",34996,"MURLIDHAR RAI","INC",3278,4,0.093667847754029
"7865",133,"BAHADURGANJ","GEN",41915,"MD. NAZMUDDIN","INC",15615,2,0.372539663604915
"7873",287,"BAHARAGORA","GEN",40955,"VISHNUPAD GHOSH","INC",19395,1,0.473568550848492
"7877",85,"BAHERA","GEN",67547,"HARINATH MISHRA","INC",23423,2,0.346765955556872
"7894",137,"BAISI","GEN",45201,"HASIBUR RAHMAN","INC",13148,1,0.290878520386717
"7910",203,"BAKHTIARPUR","GEN",76559,"BUDHADEO SINGH","INC",33812,1,0.441646311994671
"7936",247,"BALAGANJ","GEN",73565,"SHANKAR PRASAD SHAHI","INC",6941,4,0.0943519336641066
"7949",103,"BALIA","GEN",52635,"RAM LAKHAN PRASAD SINGH","INC",13362,2,0.253861499002565
"7961",36,"BANIAPUR","GEN",52006,"UMA PANDEY","INC",10529,2,0.202457408760528
"7966",174,"BANKA","GEN",47427,"THAKUR KAMAKHYA PRASAD SINGH","INC",13535,2,0.285385961583065
"7975",126,"BANMANKHI","SC",48430,"RASIK LAL RISHIDEO","INC",16499,2,0.340677266157341
"7981",254,"BARACHATTI","SC",45849,"RAMJI MANJHI","INC",8451,2,0.184322449780802
"7987",141,"BARARI","GEN",43450,"KARUNESHWAR SINGH","INC",5884,3,0.135420023014960
"7997",25,"BARAULI","GEN",53881,"ABDUL GHAFOOR","INC",28702,1,0.532692414765873
"8006",106,"BARAUNI","GEN",66349,"SHANKAR SINGH","INC",1743,3,0.0262701773952886
"8016",192,"BARBIGHA","SC",59294,"RAMESHWAR PASWAN","INC",20015,2,0.337555233244510
"8021",202,"BARH","GEN",76785,"THAKUR DWARKANATH SINGH","INC",13904,3,0.181077033274728
"8043",215,"BARHARA","GEN",68590,"SHEO MURAT YADAV","INC",15485,2,0.225761772853186
"8048",263,"BARHI","GEN",37109,"MATINUL HASAN","INC",5597,2,0.150825945188499
"8067",270,"BARKATHA","GEN",47503,"NARBADESHWAR SINGH","INC",5955,2,0.125360503547144
"8071",144,"BARSOI","GEN",34637,"BEULA DOZA","INC",3438,3,0.0992580188815429
"8079",55,"BARURAJ","GEN",55590,"JAMUNA SINGH","INC",9311,4,0.167494153624753
"8092",27,"BASANTPUR","GEN",69443,"TARKESHWAR NATH SINGH","INC",3441,3,0.0495514306697579
"8108",68,"BATHNAHA","GEN",69070,"SURYADEO RAI","INC",26895,1,0.389387577819603
"8111",105,"BEGUSARAI","GEN",51605,"BHOLA SINGH","INC",17161,1,0.33254529599845
"8132",175,"BELHAR","GEN",41708,"SHAKUNTALA DEVI","INC",6470,3,0.155126114894025
"8138",65,"BELSAND","GEN",52281,"UDAI PRATAP SINGH","INC",8256,3,0.157915877661101
"8146",278,"BERMO","GEN",48240,"BINDESHWARI DUBEY","INC",11822,2,0.245066334991708
"8158",8,"BETTIAH","GEN",58003,"GAURISHANKAR PANDEY","INC",28693,1,0.494681309587435
"8173",230,"BHABHUA","GEN",61237,"SHYAM NARAYAN PANDEY","INC",12600,2,0.205757956790829
"8188",168,"BHAGALPUR","GEN",46294,"TALIB ANSARI","INC",9941,2,0.214736250918046
"8193",321,"BHAWANATHPUR","GEN",37810,"SHANKAR PRATAP DEO","INC",12200,2,0.322665961385877
"8194",22,"BHORE","SC",42378,"ALGU RAM","INC",8707,2,0.205460380386049
"8200",99,"BIBHUTPUR","GEN",67290,"BANDHU MAHTO","INC",22608,1,0.335978600089166
"8214",194,"BIHAR","GEN",79458,"NASIMUDDIN ANSARI","INC",4471,6,0.0562687205819427
"8234",212,"BIKRAM","GEN",67343,"DIWAKAR SHARMA","INC",10691,2,0.158754436244302
"8262",74,"BISFI","GEN",85093,"AZIZ NURUDDIN","INC",18482,3,0.217197654331144
"8271",314,"BISHNUPUR","ST",42666,"KARTIK ORAON","INC",25701,1,0.602376599634369
"8279",322,"BISHRAMPUR","GEN",48772,"LAKSHMI NARAIN DUBEY","INC",8770,2,0.179816288034118
"8289",60,"BOCHAHA","SC",49853,"HARI LAL RAM","INC",10810,2,0.216837502256635
"8323",279,"BOKARO","GEN",46364,"VAN MALI SINGH","INC",7163,3,0.154494866706928
"8336",218,"BRAHMPUR","GEN",53244,"RISHIKESH TIWARI","INC",16731,2,0.314232589587559
"8342",219,"BUXAR","GEN",50052,"JAG NARAIN TRIVEDI","INC",21412,1,0.427795093103173
"8364",295,"CHAIBASA","ST",24752,"SIDIU HEMBROM","INC",1771,4,0.0715497737556561
"8370",231,"CHAINPUR","GEN",53198,"BHOLA SINGH","INC",13669,2,0.256945749840220
"8381",177,"CHAKAI","GEN",48039,"CHANDRA SHEKHAR SINGH","INC",11048,3,0.229979808072608
"8392",299,"CHAKRADHARPUR","ST",33370,"THEODORE BODRA","INC",4775,3,0.143092598142044
"8398",286,"CHANDANKIYARI","SC",22389,"RAMDAS RAM","INC",8651,1,0.386395104738934
"8403",199,"CHANDI","GEN",70886,"KESHWAR PRASAD","INC",22141,2,0.312346584657055
"8415",41,"CHAPRA","GEN",64367,"RAM JAIPAL SINGH YADAV","INC",13734,3,0.213370205229388
"8432",264,"CHATRA","GEN",32959,"VRIJNANDAN UPADHYAY","INC",1433,4,0.0434782608695652
"8434",182,"CHAUTHAM","GEN",64865,"GHANSHYAM SINGH","INC",24168,2,0.372589223772450
"8441",233,"CHENARI","SC",50687,"DUDHNATH PASWAN","INC",19641,2,0.387495807603528
"8451",108,"CHERIA BARIARPUR","GEN",64753,"HARIHAR MAHTO","INC",38337,1,0.592049789198956
"8458",114,"CHHATAPUR","SC",48044,"KUMBHA NARAYAN SARDAR","INC",12296,2,0.255932062276247
"8466",323,"CHHATARPUR","SC",24877,"MALDEO RAM","INC",5417,2,0.217751336575954
"8483",166,"COLGONG","GEN",62209,"SADANAND SINGH","INC",25612,1,0.411708916716231
"8489",98,"DALSINGHSARAI","GEN",59244,"JAGDISH PRASAD CHOUDHARY","INC",20796,2,0.351022888393761
"8500",319,"DALTONGANJ","GEN",38893,"DINANATH TIWARY","INC",7796,2,0.200447381276836
"8505",31,"DARAULI","GEN",48660,"KRISHNA PRATAP SINGH","INC",20925,1,0.430024660912454
"8530",88,"DARBHANGA RURAL","SC",66732,"KEDAR PASWAN","INC",11937,2,0.178879697896062
"8543",235,"DEHRI","GEN",55200,"KHALID ANWAR ANSARI","INC",18023,2,0.326503623188406
"8554",237,"DEO","SC",47163,"DILHESHWAR RAM","INC",14070,2,0.298327078430125
"8557",158,"DEOGHAR","SC",39761,"BAIDYA NATH DAS","INC",11285,2,0.283820829456000
"8562",14,"DHAKA","GEN",76632,"HAFIZ IDRIS ANSARI","INC",21802,2,0.284502557678254
"8569",125,"DHAMDAHA","GEN",61276,"RAM NARAYAN MANDAL","INC",18325,2,0.299056726940401
"8573",1,"DHANAHA","GEN",34426,"HARDEO PRASAD","INC",16870,1,0.490036600244002
"8597",284,"DHANBAD","GEN",44691,"YOGESHWAR PRASAD YOGESH","INC",14973,1,0.335033899442841
"8602",271,"DHANWAR","GEN",38761,"PUNIT RAI","INC",4453,4,0.114883516937128
"8619",209,"DINAPUR","GEN",66954,"RAM LAKHAN SINGH YADAV","INC",33989,1,0.507647041252203
"8623",227,"DINARA","GEN",63323,"LAKSHMAN RAI","INC",15147,2,0.239202185619759
"8637",160,"DUMKA","ST",26344,"PAIKA MURMU","INC",5700,2,0.216368053446705
"8659",276,"DUMRI","GEN",32512,"MURLI BHAGAT","INC",5237,2,0.161078986220472
"8668",255,"FATEHPUR","SC",54936,"RAM SWARUP RAM","INC",17770,2,0.323467307412262
"8677",204,"FATWA","SC",62332,"RAM PRAVESH PASWAN","INC",10281,2,0.164939356991593
"8683",129,"FORBESGANJ","GEN",58244,"SARYU MISHRA","INC",27950,1,0.47987775564865
"8685",61,"GAIGHATTI","GEN",60736,"BIRENDRA KUMAR SINGH","INC",6169,3,0.101570732349842
"8695",274,"GANDEY","GEN",38330,"MD. MUSLIM ANSARI","INC",8379,2,0.218601617531959
"8698",320,"GARHWA","GEN",34074,"DEORAJ TIWARI","INC",6385,2,0.187386276926689
"8707",42,"GARKHA","SC",49522,"RAGHU NANDAN MANJHI","INC",11894,2,0.240176083356892
"8710",249,"GAYA MUFFASIL","GEN",68644,"AWADHESH SINGH","INC",14607,3,0.212793543499796
"8737",250,"GAYA TOWN","GEN",52115,"YUGAL KISHORE PRASAD","INC",19469,2,0.373577664779814
"8741",86,"GHANSHYAMPUR","GEN",86214,"NURUL HODA","INC",9371,3,0.108694643561371
"8756",15,"GHORASAHAN","GEN",59769,"RAJENDRA PRATAP SINGH","INC",21335,1,0.356957620170992
"8774",20,"GOBINDGANJ","GEN",71305,"RAMASHANKER PANDEY","INC",42186,1,0.591627515601991
"8776",259,"GOBINDPUR","GEN",82449,"GAYATRI DEVI","INC",31716,2,0.384674162209366
"8791",163,"GODDA","GEN",53373,"VINAY KANT DUBEY","INC",5722,3,0.107207764225357
"8797",241,"GOH","GEN",71669,"SHRI NIWAS","INC",9110,4,0.127112140534959
"8804",277,"GOMIA","GEN",32040,"RAM VISWAS MAHATHA","INC",3448,2,0.107615480649189
"8810",24,"GOPALGANJ","GEN",55399,"RAM DULARI SINHA","INC",6365,3,0.114893770645680
"8819",169,"GOPALPUR","GEN",65374,"MADAN PRASAD SINGH","INC",12884,3,0.197081408511029
"8827",28,"GOREAKOTHI","GEN",61824,"KRISHNA KANT SINGH","INC",32377,1,0.523696299171843
"8831",313,"GUMLA","ST",42066,"BAIRAGI ORAON","INC",9907,3,0.235510863880569
"8842",252,"GURUA","GEN",58565,"SHAHJEHAN","INC",14233,2,0.243029112951421
"8850",45,"HAJIPUR","GEN",57792,"MOTI LAL SINHA KANAN","INC",13154,2,0.227609357696567
"8860",75,"HARLAKHI","GEN",66327,"SHAKOOR AHMAD","INC",19336,2,0.291525321513109
"8866",200,"HARNAUT","GEN",71012,"DINESH PRASAD SINGH","INC",7059,4,0.0994057342421
"8875",19,"HARSIDHI","GEN",61871,"MD. HEDAYATULLAH KHAN","INC",20289,2,0.327924229445136
"8885",102,"HASANPUR","GEN",61982,"SATYANARAIN YADAV","INC",13986,2,0.22564615533542
"8887",307,"HATIA","GEN",36317,"AMANAT ALI","INC",7659,2,0.210892970234326
"8915",92,"HAYAGHAT","GEN",72300,"UPENDRA PRASAD SINGH","INC",7915,4,0.109474412171508
"8921",269,"HAZARIBAGH","GEN",40385,"RAGHUNANDAN PRASAD","INC",3577,3,0.0885724897858116
"8930",198,"HILSA","GEN",91465,"NAWAL KISHORE SINGH","INC",9245,3,0.101076914666812
"8943",261,"HISUA","GEN",60496,"NARENDRA KUMAR SINGH","INC",7958,4,0.131545887331394
"8948",324,"HUSSAINABAD","GEN",41415,"HARIHAR SINGH","INC",14564,1,0.351660026560425
"8955",293,"ICHAGARH","GEN",28043,"GHANSHYAM MAHTO","INC",1801,6,0.0642228006989266
"8969",251,"IMAMGANJ","SC",40437,"SRICHAND SINGH","INC",7211,2,0.178326779929273
"8977",197,"ISLAMPUR","GEN",98059,"RAM SHARAN PRASAD SINGH","INC",16631,4,0.169601974321582
"9003",222,"JAGDISHPUR","GEN",64651,"SHEO PUJAN VERMA","INC",3946,5,0.061035405484834
"9005",245,"JAHANABAD","GEN",78533,"CHANDRIKA PD. YADAV","INC",24786,2,0.315612545044758
"9021",40,"JALALPUR","GEN",58270,"KUMAR KALIKA SINGH","INC",10773,2,0.184880727647160
"9034",161,"JAMA","ST",19236,"MADAN BESRA","INC",7965,1,0.414067373674361
"9048",186,"JAMALPUR","GEN",65843,"YOGENDRA MAHTON","INC",3050,3,0.0463223121668211
"9067",155,"JAMTARA","GEN",38737,"DURGA PRASAD SINGH","INC",13156,1,0.33962361566461
"9075",273,"JAMUA","SC",32976,"TANESHWAR AZAD","INC",6875,2,0.208484958757885
"9080",188,"JAMUI","GEN",68580,"PANCHANAN SINGH","INC",18789,2,0.273972003499563
"9082",48,"JANDAHA","GEN",57710,"BHAGDEV SINGH","INC",12339,2,0.213810431467683
"9101",159,"JARMUNDI","GEN",36953,"SRIKANT JHA","INC",6212,3,0.168105431223446
"9105",178,"JHAJHA","GEN",43449,"SHIV PRASAD YADAV","INC",7667,2,0.176459757416741
"9108",80,"JHANJHARPUR","GEN",73244,"JAGANNATH MISHRA","INC",44037,1,0.601236961389329
"9136",132,"JOKIHAT","GEN",54831,"MOIDUR RAHMAN","INC",22374,2,0.408053838157247
"9147",290,"JUGSULAI","SC",27587,"RATUL MUCHI","INC",5869,2,0.212745133577410
"9157",143,"KADWA","GEN",48671,"SATYA NARAYAN BISHWAS","INC",5440,4,0.11177086971708
"9163",93,"KALYANPUR","GEN",61081,"RAM NARESH TRIVEDI","INC",12462,2,0.204024164633847
"9170",308,"KANKE","SC",33862,"RAM RATAN RAM","INC",9545,2,0.281879392829721
"9185",56,"KANTI","GEN",44889,"SHAMBHU SARAN THAKUR","INC",3843,4,0.0856111742297668
"9194",225,"KARAKAT","GEN",72297,"MANORMA PANDEY","INC",9167,3,0.126796409256262
"9203",138,"KASBA","GEN",49798,"JAI NARAIN MEHTA","INC",15949,1,0.320273906582594
"9211",21,"KATEYA","GEN",68127,"NAGINA RAI","INC",39695,1,0.582661793415239
"9226",176,"KATORIA","GEN",40381,"JAI PRAKASH MISHRA","INC",7135,3,0.176692008617914
"9247",90,"KEOTI","GEN",63799,"RAJENDRA PRASAD YADAV","INC",11977,2,0.187730215207135
"9268",76,"KHAJAULI","SC",61472,"RAMPHAL PASWAN","INC",8068,3,0.131246746486205
"9277",180,"KHARAGPUR","GEN",66148,"SADANAND SINGH","INC",3358,5,0.0507649513212796
"9284",300,"KHARASAWAN","ST",24004,"DURGA PRASAD JAMUDA","INC",1627,4,0.0677803699383436
"9298",305,"KHIJRI","ST",36471,"UMRAON SADHO KUJUR","INC",4655,3,0.127635655726468
"9304",303,"KHUNTI","ST",32638,"TIRU MUCHIRAI MUNDA","INC",6187,3,0.189564311538697
"9305",122,"KISHANGANJ 1","GEN",54911,"ARVIND PD. YADAV","INC",8896,3,0.162007612318115
"9313",135,"KISHANGANJ 2","GEN",53210,"RAFIQUI ALAM","INC",24029,1,0.451588047359519
"9321",111,"KISHUNPUR","GEN",63471,"YAMUNA PRASAD MANDAL","INC",12965,2,0.204266515416489
"9325",262,"KODARMA","GEN",49471,"RAJENDRA NATH DAWN","INC",15270,2,0.30866568292535
"9330",311,"KOLEBIRA","ST",34448,"LOUISA SORENG","INC",4436,4,0.128773803994426
"9347",248,"KONCH","GEN",64575,"RAJKUMARI DEVI","INC",21395,2,0.331320170344561
"9351",140,"KORHA","SC",38756,"BISWANATH RISHI","INC",13057,2,0.336902673134482
"9358",115,"KUMARKHAND","SC",48775,"JANAK RAM","INC",10202,2,0.209164531009739
"9368",57,"KURHANI","GEN",59152,"HIND KESHARI YADAV","INC",11078,2,0.187280227211252
"9379",243,"KURTHA","GEN",79354,"MD. MANNAN MALLICK","INC",7863,4,0.0990876326335156
"9386",190,"LAKHISARAI","GEN",81528,"ARJUN SINGH","INC",23612,2,0.289618290648611
"9404",51,"LALGANJ","GEN",50938,"UMESH PRASAD SINGH","INC",6590,2,0.129372963210177
"9406",316,"LATCHAR","SC",21295,"BHOLA DAYAL","INC",3163,2,0.148532519370744
"9415",82,"LAUKAHA","GEN",66096,"KULDEO GOET","INC",22278,1,0.337055192447349
"9425",6,"LAURIA","GEN",46156,"BISHWA MOHAN SHARMA","INC",14873,1,0.32223329577953
"9437",315,"LOHARDAGA","ST",38722,"INDRANATH BHAGAT","INC",20107,1,0.519265533805072
"9446",83,"MADHEPUR","GEN",81232,"RADHANANDAN JHA","INC",41548,1,0.511473311010439
"9452",120,"MADHEPURA","GEN",62160,"JAI KRISHNA YADAV","INC",11624,2,0.187001287001287
"9469",16,"MADHUBAN","GEN",61117,"RUPLAL RAI","INC",16962,1,0.277533255886251
"9477",78,"MADHUBANI","GEN",79483,"LOKESH NATH JHA","INC",27310,2,0.343595485827158
"9486",157,"MADHUPUR","GEN",51595,"CHANDRA SHEKHAR PRASAD","INC",19456,2,0.37709080337242
"9490",164,"MAHAGAMA","GEN",53202,"AWADH BIHARI SINGH","INC",22256,2,0.418330137964738
"9499",33,"MAHARAJGANJ","GEN",64157,"DEVENDRA KUMAR","INC",6512,3,0.10150100534626
"9512",152,"MAHESHPUR","ST",25669,"KALIDAS MURMU","INC",8126,2,0.316568623631618
"9514",118,"MAHISHI","GEN",77657,"LATHAN CHOUDHARY","INC",21057,2,0.271153920445034
"9519",47,"MAHNAR","GEN",75175,"AKLHILESH KUMAR RAY","INC",17879,2,0.237831725972730
"9531",50,"MAHUA","SC",46093,"SARYU RAM","INC",5550,2,0.120408738854056
"9538",30,"MAIRWA","SC",46567,"RAM NARAYAN RAM","INC",7798,2,0.167457641677583
"9543",104,"MAITHANI","GEN",54121,"GEETA SINGH","INC",14316,3,0.264518393969069
"9555",296,"MAJHGAON","ST",24519,"KOLAYE BIRUA","INC",1143,5,0.0466169093356173
"9562",69,"MAJORGANJ","SC",47173,"DIP NARAIN PASWAN","INC",18509,2,0.392364276174931
"9577",244,"MAKHDUMPUR","GEN",80989,"RAMASHRAYA PRASAD SINGH","INC",22979,2,0.283729889244218
"9584",309,"MANDAR","ST",47535,"KARAMCHAND BHAGAT","INC",18157,1,0.381971179131167
"9597",268,"MANDU","GEN",40788,"TAPESHWAR DEO","INC",5986,2,0.146758850642346
"9604",210,"MANER","GEN",64842,"RAM NAGINA SINGH","INC",25983,2,0.400712501156658
"9616",84,"MANIGACHHI","GEN",68382,"NAGENDRA JHA","INC",33153,1,0.484820566815829
"9619",146,"MANIHARI","GEN",32376,"AMARNATH SINGH YADAV","INC",5365,2,0.165709167284408
"9638",317,"MANIKA","ST",31396,"VIJAY VIRENDRA SINGH","INC",3631,3,0.115651675372659
"9641",35,"MANJHI","GEN",71118,"RAMESHWAR DUTTA SHARMA","INC",18452,2,0.259456115188841
"9647",298,"MANOHARPUR","ST",25111,"MORAN SINGH PURTY","INC",1249,4,0.0497391581378679
"9654",39,"MARHAURA","GEN",59724,"BHISHMA PRASAD YADAV","INC",14908,2,0.249614895184515
"9666",37,"MASRAKH","GEN",55945,"RAMDEO SINGH","INC",7958,3,0.142246849584413
"9673",205,"MASSAURHI","GEN",85980,"RAJ KISHORE PRASAD","INC",28432,2,0.330681553849733
"9679",63,"MINAPUR","GEN",59467,"MAHANTH RAM KISHORE DAS","INC",7626,5,0.128239191484353
"9684",23,"MIRGANJ","GEN",52227,"ANANT PRASAD SINGH","INC",16892,2,0.323434238995156
"9692",229,"MOHANIA","SC",42060,"BANSROPAN CHAMAR","INC",11699,2,0.278150261531146
"9706",97,"MOHIUDDIN NAGAR","GEN",80180,"RAM ANUGRAH NARAYAN SINGH","INC",23434,2,0.292267398353704
"9712",201,"MOKAMEH","GEN",72634,"KRISHNA SHAHI","INC",31416,1,0.432524712944351
"9722",185,"MONGHYR","GEN",79805,"IZHARUL HAQUE","INC",7111,4,0.089104692688428
"9735",12,"MOTIHARI","GEN",52683,"PRABHAVATI GUPTA","INC",29282,1,0.555814968775506
"9770",154,"NALA","GEN",33817,"SHIOMANI YADAV","INC",4362,3,0.128988378626135
"9777",196,"NALANDA","GEN",67909,"SHAYAMSUNDAR PRASAD","INC",25907,1,0.381495825295616
"9789",128,"NARPATGANJ","GEN",58033,"SATYA NARAYAN YADAV","INC",13621,2,0.234711284958558
"9792",167,"NATHNAGAR","GEN",53134,"CHUNCHUN PD. YADAV","INC",13739,2,0.258572665336696
"9800",9,"NAUTAN","GEN",46875,"KEDAR PANDEY","INC",29493,1,0.629184
"9808",257,"NAWADA","GEN",78498,"RAM SWAROOP PRASAD YADAV","INC",8688,3,0.110677979056791
"9814",283,"NIRSA","GEN",50780,"BHAGWAT TRIPATHI","INC",4597,3,0.0905277668373375
"9839",234,"NOKHA","GEN",59138,"JAGDISH OJHA","INC",6805,3,0.115069836653252
"9849",240,"OBRA","GEN",69472,"NARAIN SINGH","INC",21724,2,0.312701520036849
"9857",151,"PAKAUR","GEN",37501,"HAZI MOHAMMAD AINUL HAQUE","INC",12776,1,0.340684248420042
"9864",213,"PALIGANJ","GEN",79665,"AKHILESHWAR SINGH","INC",23739,2,0.297985313500282
"9882",79,"PANDAUL","GEN",66157,"KUMUD RANJAN JHA","INC",20159,2,0.304714542678779
"9896",318,"PANKI","GEN",36214,"SANKATESHWAR PRASAD SINGH","INC",13777,2,0.380432981719777
"9907",181,"PARBATTA","GEN",70524,"SACHCHIDANAND DAS","INC",16731,2,0.237238386932108
"9913",43,"PARSA","GEN",66472,"DAROGA PRASAD ROY","INC",22706,2,0.341587435311108
"9921",53,"PARU","GEN",54756,"RAM PREET RAI","INC",11208,2,0.204689896997589
"9958",207,"PATNA CENTRAL","GEN",63701,"SHAMAYAL NABI","INC",10355,2,0.162556317797209
"9963",208,"PATNA EAST","GEN",64659,"RAM RAN VIJAYA SINGH","INC",12591,2,0.194729272027096
"9996",81,"PHULPARAS","GEN",86946,"UTTAM LAL YADAV","INC",19272,2,0.221654820233248
"10002",211,"PHULWARI","SC",69830,"KUNWAR RAM","INC",7982,3,0.114306172132321
"10026",223,"PIRO","GEN",59955,"HANS RAJ SINGH","INC",8942,3,0.149145192227504
"10046",162,"POREYAHAT","GEN",36424,"BAIKUNTH PRASAD YADAV","INC",4899,2,0.134499231276082
"10062",289,"POTKA","ST",29793,"MIRGENDRA NANTH MAJHI","INC",3101,3,0.104084852146477
"10070",145,"PRANPUR","GEN",43404,"MOHAMMAD SAKOOR","INC",6456,3,0.148742051423832
"10080",72,"PUPRI","GEN",71831,"RAM BRIKSH CHOUDHARY","INC",33152,2,0.461527752641617
"10084",139,"PURNEA","GEN",47010,"KAMAL DEO NARAYAN SINHA","INC",14613,2,0.310848755583918
"10088",239,"RAFIGANJ","GEN",48210,"GOPAL PRASAD SINGH","INC",8592,2,0.178220286247666
"10098",46,"RAGHOPUR 1","GEN",69498,"KANHAI PAD. SINGH","INC",14611,2,0.210236265791821
"10103",110,"RAGHOPUR 2","GEN",61861,"AMRENDRA MISHRA","INC",17997,2,0.290926431839123
"10125",34,"RAGHUNATHPUR","GEN",51140,"VIJAY DUBEY","INC",12752,2,0.249354712553774
"10129",258,"RAJAULI","SC",68093,"GOPAL RAM","INC",3437,3,0.0504750855447697
"10149",147,"RAJMAHAL","GEN",51381,"RAGHUNATH PD. SODANI","INC",9958,2,0.193807049298379
"10161",228,"RAMGARH 1","GEN",53011,"PRABHAWATI DEVI","INC",16615,2,0.313425515459056
"10169",267,"RAMGARH 2","GEN",42655,"BADULAL AGRAWAL","INC",4936,4,0.115719141952878
"10181",3,"RAMNAGAR","GEN",51341,"ARJUN VIKRAM SHAH","INC",27235,1,0.530472721606513
"10190",306,"RANCHI","GEN",34349,"JAGANATH PRASAD CHOUDHRY","INC",6899,2,0.200850097528312
"10200",127,"RANIGANJ","SC",47812,"BUNDEL PASWAN","INC",14955,2,0.312787584706768
"10213",10,"RAXAUL","GEN",53023,"SAGIR AHMAD","INC",22565,1,0.425570035644909
"10221",100,"ROSERA","GEN",68306,"RAMSHRAY RAI","INC",22477,2,0.329063332650133
"10230",64,"RUNISAIDPUR","GEN",60596,"RAM NIWAS PD. SINGH","INC",11888,3,0.196184566638062
"10246",124,"RUPAULI","GEN",50050,"SHIBA DHIN SINGH","INC",9871,3,0.197222777222777
"10251",224,"SAHAR","SC",42927,"RAJ DEO RAM","INC",9339,2,0.217555384722902
"10262",117,"SAHARSA","GEN",72095,"RAMESH JHA","INC",28510,2,0.395450447326444
"10267",54,"SAHEBGANJ","GEN",46108,"SHIV SHARAN SINGH","INC",12412,2,0.269194066105665
"10270",58,"SAKRA","SC",49392,"FAKIRCHAND RAM","INC",9452,2,0.191367022999676
"10284",95,"SAMASTIPUR","GEN",57957,"RAMCHANDRA RAI","INC",12276,2,0.211812205600704
"10302",214,"SANDESH","GEN",59012,"SONDHARI SINGH","INC",21271,2,0.360452111434962
"10308",96,"SARAIRANJAN","GEN",64891,"RAMAKANT JHA","INC",18522,2,0.285432494490761
"10316",156,"SARATH","GEN",51689,"KAMEDO PRASAD SINGH","INC",7557,3,0.146201319429666
"10323",232,"SASARAM","GEN",60945,"GORAKH SINGH","INC",9169,3,0.150447124456477
"10334",294,"SERAIKELLA","ST",30032,"GOPINATH MURMU","INC",1332,4,0.0443526904635056
"10346",217,"SHAHPUR","GEN",45194,"SARJU PRASAD UPADHYAY","INC",10910,3,0.241403726158340
"10352",191,"SHEIKHPURA","GEN",67729,"RAJO SINGH","INC",34374,1,0.507522626939716
"10364",66,"SHEOHAR","GEN",70957,"RAGHUNATH JHA","INC",32126,1,0.452753075806474
"10372",4,"SHIKARPUR","SC",41671,"SITARAM PRASAD","INC",19389,1,0.465287610088551
"10380",189,"SIKANDRA","SC",61630,"SAHIL RANI","INC",13923,2,0.225912704851533
"10387",153,"SIKARIPARA","ST",29046,"SIBU MURMU","INC",3447,4,0.118673827721545
"10391",5,"SIKTA","GEN",49241,"FAIYAZUL AZAM","INC",28324,1,0.575211713815723
"10402",131,"SIKTI","GEN",68520,"MAYA NAND THAKUR","INC",10604,2,0.154757734967893
"10422",304,"SILLI","GEN",35298,"RAM TAHAL CHOWDHURY","INC",5212,3,0.147657091053317
"10430",265,"SIMARIA","SC",33143,"SHEOJAGAT RAM","INC",4455,3,0.134417524062396
"10438",312,"SIMDEGA","ST",31601,"SAIMAN TIGGA","INC",6433,3,0.203569507294073
"10441",119,"SIMRI BAKHTIARPUR","GEN",72968,"CHAUDHARY MOHAMMAD SALAUDDIN","INC",33457,1,0.458516061835325
"10462",282,"SINDRI","GEN",46372,"SUBHASH CHATTERJEE","INC",6943,3,0.149723971362029
"10470",116,"SINGHESHWAR","GEN",65518,"JAI KUMAR SINGH","INC",16217,2,0.247519765560609
"10489",310,"SISAI","ST",35047,"YUGESH ORAON","INC",10758,2,0.306959226181984
"10495",67,"SITAMARHI","GEN",59427,"RAMSAGAR PRASAD YADAV","INC",27482,1,0.462449728238006
"10506",29,"SIWAN","GEN",56288,"SEROJUL HAGUE","INC",13869,2,0.246393547470153
"10536",70,"SONBARSA","GEN",75392,"MAHMOOD ALAM","INC",23169,1,0.307313773344652
"10556",11,"SUGAULI","GEN",57232,"SUKHDEO PRASAD YADAV","INC",11911,3,0.208117836175566
"10564",171,"SULTANGANJ","GEN",65412,"RAM RAKSHA PRA YADAV","INC",19045,2,0.291154528221122
"10578",112,"SUPAUL","GEN",65427,"UMA SHANKAR SINGH","INC",13907,3,0.212557506839684
"10589",187,"SURAJGARHA","GEN",79737,"SUNAINA SHARMA","INC",8015,3,0.100517952769730
"10596",71,"SURSAND","GEN",65109,"RAM CHARITRA RAI YADAV","INC",38869,1,0.59698351994348
"10602",301,"TAMAR","ST",24162,"BANMALI SINGH MUNDA","INC",5036,2,0.208426454763678
"10612",38,"TARAIYA","GEN",50784,"PRABHUNATH SINGH","INC",9059,2,0.178382955261500
"10627",179,"TARAPUR","GEN",65427,"TARINI PRASAD SINGH","INC",16740,2,0.255857673437572
"10633",134,"THAKURGANJ","GEN",50172,"MD. HUSSAIN AZAD","INC",22943,2,0.457286932950650
"10636",302,"TORPA","ST",35117,"LAIYANDAR TIRU","INC",1721,4,0.049007603155167
"10642",113,"TRIBENIGANJ","GEN",68412,"JAGADISH MANDAL","INC",23594,2,0.344881015026604
"10646",280,"TUNDI","GEN",39852,"BHOLA GOPE","INC",7399,3,0.185661949212085
"10656",52,"VAISHALI","GEN",51844,"LALITESH PD. SHAHI","INC",11475,2,0.22133708818764
"10665",94,"WARISNAGAR","SC",55066,"BALESHWAR RAM","INC",24128,2,0.43816511095776
"10675",260,"WARSALIGANJ","GEN",76841,"SHYAM SUNDER PRASAD SINGH","INC",8240,3,0.107234419125207
"10683",32,"ZIRADEI","GEN",45476,"RAJA RAM CHAUDHARI","INC",15947,1,0.350668484475328
