"State","Year","","AC_no","AC_name","AC_type","Electors","Voters","Margin","N_cand","Position","Sex1","Party1","Votes1","Cand1","RELIGION","Turnout","Margin_percent" 
"Bihar","1962","1",1,"DHANAHA","GEN",55623,20469,193,2,1,"M","INC",9777,"RANGLAL PRASAD","H",0.367995253761933,0.00942889247154233  
"Bihar","1962","3",2,"BAGAHA","SC",86768,39424,15988,6,1,"M","INC",21064,"NARSINGH BAITHA","H",0.454361054766734,0.405539772727273  
"Bihar","1962","9",3,"RAMNAGAR","GEN",73694,51726,3447,2,1,"M","SWA",26487,"NARAIN BIKRAM SHAH ALIAS NARAIN RAJA","H",0.701902461530111,0.066639600974365  
"Bihar","1962","11",4,"SHIKARPUR","GEN",60203,29342,4258,2,1,"M","INC",16113,"UMESH PRASAD VERMA","H",0.487384349617129,0.145116215663554  
"Bihar","1962","13",5,"SIKTA","GEN",52843,21159,392,3,1,"M","SWA",7308,"RAIFUL AZAM","M",0.40041254281551,0.0185263953873056  
"Bihar","1962","16",6,"LAURIYA","GEN",55874,26626,4302,2,1,"M","INC",14903,"SUBH NARAIN PRASAD","H",0.476536492823138,0.161571396379479  
"Bihar","1962","18",7,"CHANPATIA","GEN",64782,26097,8981,3,1,"M","INC",15293,"PRAMOD KUMAR MISHRA","H",0.402843382421043,0.344139173085029  
"Bihar","1962","21",8,"BETTIAH","GEN",53759,22852,7069,3,1,"M","INC",12154,"JAY NARAYAN PRASAD","H",0.425082311798955,0.309338351129004  
"Bihar","1962","24",9,"MANJHAULIA","SC",66340,27018,110,2,1,"M","SWA",13146,"JILDAR RAM","H",0.407265601447091,0.00407135983418462  
"Bihar","1962","26",10,"RAXAUL","GEN",61120,28404,1382,4,1,"M","INC",10882,"RADHA PANDE","H",0.464725130890052,0.0486551189973243  
"Bihar","1962","30",11,"ADAPUR","GEN",59834,24203,998,5,1,"M","PSP",7365,"RAMBARAN PRASAD","H",0.404502456797139,0.0412345576994587  
"Bihar","1962","35",12,"GHORASAHAN","GEN",59153,29275,2464,4,1,"M","INC",13214,"RAJENDRA PRATAP SINGH","H",0.494903048027995,0.0841673783091375  
"Bihar","1962","39",13,"DHAKA","GEN",61059,27906,2714,4,1,"M","CPI",10928,"NEK MAHAMAD","M",0.457033361175257,0.0972550705941375  
"Bihar","1962","43",14,"PATAHI","GEN",57412,28190,2249,4,1,"M","INC",9385,"BIBHISHAN KUMAR","H",0.491012331916672,0.07978006385243  
"Bihar","1962","47",15,"MADHUBAN","GEN",67155,23748,1723,5,1,"M","INC",7697,"MANGAL PRASAD YADAV","H",0.353629662720572,0.0725534781876369  
"Bihar","1962","52",16,"KESARIA","GEN",53959,29745,6039,3,1,"M","CPI",16733,"PITAMBAR SINGH","H",0.551251876424693,0.203025718608169  
"Bihar","1962","55",17,"PIPRA","GEN",63740,23780,8015,6,1,"M","INC",13080,"SATYADEO PRASAD CHAUDHARI","H",0.37307812990273,0.337047939444912  
"Bihar","1962","61",18,"MOTIHARI","GEN",82801,33625,6457,4,1,"F","INC",15576,"SHAKUNTLA DEVI","H",0.406094129297955,0.192029739776952  
"Bihar","1962","65",19,"SUGAULI","SC",74208,17112,5264,3,1,"M","INC",9946,"BIDYA KISHORE BIDYALANKAR","H",0.230595084087969,0.307620383356709  
"Bihar","1962","68",20,"HARSIDHI","GEN",62739,33324,7571,2,1,"M","INC",19675,"NAGESHWAR DUTT PATHAK","H",0.531152871419691,0.227193614211979  
"Bihar","1962","70",21,"GOVINDGANJ","GEN",56415,30222,3366,5,1,"M","INC",13977,"DHRUP NARAIN MANI TRIPATHI","H",0.535708588141452,0.111375818939845  
"Bihar","1962","75",22,"BARAULI","GEN",85042,39851,15101,4,1,"M","INC",24054,"GORAKH RAI","H",0.468603748735919,0.378936538606308  
"Bihar","1962","79",23,"GOPALGANJ","GEN",69866,35817,1457,2,1,"M","INC",18161,"ABDUL GHAFOOR","M",0.512652792488478,0.0406790071753637  
"Bihar","1962","81",24,"KUCHAIKOTE","GEN",68068,34468,4996,2,1,"M","INC",19151,"SHIVAKUMAR PATHAK","H",0.506375976964212,0.144946036903795  
"Bihar","1962","83",25,"KATEYA","SC",66993,29462,2050,2,1,"M","SWA",15115,"BADRI MEHRA","H",0.439777290164644,0.0695811553865997  
"Bihar","1962","85",26,"BHORE","GEN",63391,27100,4556,4,1,"M","INC",11483,"RAJ MANGAL MISHRA","H",0.427505481850736,0.168118081180812  
"Bihar","1962","89",27,"MIRGANJ","GEN",68741,39214,7853,2,1,"M","PSP",22945,"PRABHUNATH TIWARY","H",0.57046013296286,0.200260111184781  
"Bihar","1962","91",28,"SIWAN","GEN",82479,44039,9683,3,1,"M","JS",24206,"JANARDAN TIWARI","H",0.533941973108306,0.219873294125661  
"Bihar","1962","94",29,"ZIRADEI","GEN",76188,40492,704,3,1,"M","SWA",19130,"RAJA RAM CHAUDHARI","H",0.53147477293012,0.0173861503506866  
"Bihar","1962","97",30,"MAIRWA","SC",69848,20138,3396,4,1,"M","INC",9254,"RAM BASAWAN RAM","H",0.288311762684687,0.168636408779422  
"Bihar","1962","101",31,"DARAULI","GEN",71783,31962,2126,6,1,"M","INC",10028,"RAMAYAN SHUKLA","H",0.445258626694343,0.0665164883298918  
"Bihar","1962","107",32,"RAGHUNATHPUR","GEN",64694,32059,1923,3,1,"M","INC",15686,"RAMA NAND YADAV","H",0.495548273410208,0.0599831560560217  
"Bihar","1962","110",33,"MANJHI","GEN",77029,33386,3330,5,1,"M","INC",14823,"GIRISH TIWARY","H",0.433421179036467,0.0997424069969448  
"Bihar","1962","115",34,"MAHARAJGANJ","GEN",61719,27538,2432,4,1,"M","SWA",11479,"UMA SHANKAR PRASAD","H",0.44618350913009,0.088314329290435  
"Bihar","1962","119",35,"BASANTPUR WEST","GEN",64452,27541,1947,4,1,"M","INC",9263,"JHULAN SINGH","H",0.427310246384907,0.0706946007770233  
"Bihar","1962","123",36,"BASANTPUR EAST","GEN",66577,33841,5361,3,1,"M","PSP",18075,"SABHAPATI SINGH","H",0.508298661699986,0.158417304453178  
"Bihar","1962","126",37,"BARHARIA","GEN",59268,30046,3196,4,1,"M","PSP",15135,"RAM RAJ SINGH","H",0.506951474657488,0.106370232310457  
"Bihar","1962","130",38,"BAIKUNTHPUR","GEN",58714,28140,2133,4,1,"M","INC",9950,"SHIVABACHAN TRIVEDI","H",0.479272405218517,0.0757995735607676  
"Bihar","1962","134",39,"MASHRAKH NORTH","GEN",57600,24482,804,3,1,"M","INC",10965,"PRABHUNATH SINGH","H",0.425034722222222,0.0328404542112573  
"Bihar","1962","137",40,"MASHRAKH SOUTH","GEN",65407,20520,5843,2,1,"F","INC",12744,"RAJKUMARI DEVI","H",0.313727888452306,0.284746588693957  
"Bihar","1962","139",41,"MARHAURA","GEN",64844,29508,4018,6,1,"M","INC",11722,"SURAJ SINGH","H",0.455061378076615,0.136166463331978  
"Bihar","1962","145",42,"BANIAPUR","GEN",66470,28126,1952,3,1,"F","INC",12979,"UMA PANDEY","H",0.423138257860689,0.069401976818602  
"Bihar","1962","148",43,"CHAPRA MUFFASIL","SC",82364,27907,9020,4,1,"M","INC",15833,"JAGLAL CHAUDHARI","H",0.338825214899713,0.323216397319669  
"Bihar","1962","152",44,"CHAPRA","GEN",90306,42777,9025,6,1,"F","INC",16995,"SUNDARI DEVI","H",0.47368945585011,0.210977861935152  
"Bihar","1962","158",45,"GARKHA","GEN",82426,44196,1410,5,1,"M","INC",17641,"SHIVASHANKAR PRASAD SINGH","H",0.536190037124208,0.0319033396687483  
"Bihar","1962","163",46,"PARSA","GEN",66078,43191,5325,4,1,"M","INC",21122,"DAROGA PRASAD RAI","H",0.653636611277581,0.123289574216851  
"Bihar","1962","167",47,"SONEPUR","GEN",73326,40553,862,6,1,"M","CPI",15047,"SHEO BACHAN SINGH","H",0.553050759621417,0.0212561339481666  
"Bihar","1962","173",48,"HAJIPUR","GEN",69511,43549,1367,4,1,"M","INC",15139,"DIPNARAIN SINHA","H",0.626505157457093,0.0313899285861903  
"Bihar","1962","177",49,"RAGHOPUR_1","GEN",65806,45226,4946,5,1,"M","SOC",21857,"DEVENDRA SINHA","H",0.687262559645017,0.109361871489851  
"Bihar","1962","182",50,"MAHNAR","GEN",71587,42801,4973,7,1,"M","PSP",15226,"MUNESHWAR PRASAD SINHA","H",0.597887884671798,0.116188874091727  
"Bihar","1962","189",51,"JANDAHA","GEN",67557,39868,3282,4,1,"M","SOC",14467,"TULSI DAS MEHTA","H",0.590138697692319,0.0823216614828935  
"Bihar","1962","193",52,"PATEPUR","GEN",78102,44710,10493,4,1,"M","PSP",24883,"KAMLESH RAI","H",0.572456531202786,0.234690225900246  
"Bihar","1962","197",53,"MAHUA","SC",74498,23609,4496,5,1,"F","INC",8735,"MIRA DEVI","H",0.316907836451985,0.190435850734889  
"Bihar","1962","202",54,"LALGANJ SOUTH","GEN",77237,48028,7347,4,1,"M","INC",25365,"BIRCHANDRA PATEL","H",0.62182632676049,0.152973265595070  
"Bihar","1962","206",55,"LALGANJ NORTH","GEN",69601,40632,4578,5,1,"M","IND",20697,"BATESHWAR PRASAD","H",0.583784715736843,0.112669816893089  
"Bihar","1962","211",56,"PARU","SC",88043,32075,8659,4,1,"M","INC",17016,"CHANDU RAM","H",0.364310620946583,0.269961028838659  
"Bihar","1962","215",57,"SAHEBGANJ","GEN",84366,51048,585,4,1,"M","INC",22778,"NAWAL KISHORE SINGH","H",0.60507787497333,0.0114598025387870  
"Bihar","1962","219",58,"BARURAJ","GEN",88234,41232,2013,4,1,"M","INC",15284,"RAMCHANDRA PRASAD SAHI","H",0.467302853775189,0.0488213038416764  
"Bihar","1962","223",59,"KANTI","GEN",71715,30150,2714,4,1,"M","INC",11485,"YAMUNA PRASAD TRIPATHY","H",0.420414139301401,0.090016583747927  
"Bihar","1962","227",60,"KURHANI","SC",72465,26993,8259,2,1,"M","INC",17031,"RAMGULAM CHOUDHARY","H",0.372497067549852,0.305968213981403  
"Bihar","1962","229",61,"SAKRA","GEN",77309,50221,2596,5,1,"M","INC",24516,"MAHESH PRASAD SINGH","H",0.649613887128277,0.051691523466279  
"Bihar","1962","234",62,"MUZAFFARPUR","GEN",86116,41227,3482,9,1,"M","INC",14233,"DEVANANDAN SAHAYA","H",0.478737981327512,0.0844592136221408  
"Bihar","1962","243",63,"MUZAFFARPUR MUFFASIL","GEN",67783,34515,2859,7,1,"M","INC",10961,"CHANDRA MADHAV PRASAD SINGH","H",0.509198471593172,0.0828335506301608  
"Bihar","1962","250",64,"KATRA SOUTH","GEN",66981,45284,11567,5,1,"M","INC",21078,"NITISHWAR PRASAD SINGH","H",0.67607231901584,0.255432382298384  
"Bihar","1962","255",65,"KATRA NORTH","GEN",65490,34998,2708,7,1,"M","IND",10022,"PANDAV RAI","H",0.534402198808978,0.0773758500485742  
"Bihar","1962","262",66,"MINAPUR","GEN",66523,35716,6654,5,1,"M","INC",14778,"JANAK SINGH","H",0.536897013063151,0.186303057453242  
"Bihar","1962","267",67,"RUNISAIDPUR","GEN",74389,47899,9705,3,1,"M","IND",24237,"VIVEKANAND GIRI","H",0.64389896355644,0.202613833274181  
"Bihar","1962","270",68,"BELSAND","GEN",71528,35265,2908,3,1,"M","PSP",13545,"RAMANAND SINGH","H",0.493023710994296,0.0824613639585992  
"Bihar","1962","273",69,"SHEOHAR","GEN",73217,31782,2234,5,1,"M","INC",8904,"CHITRANJAN SINGH","H",0.434079517052051,0.0702913598892455  
"Bihar","1962","278",70,"MAJORGANJ","SC",71692,31325,710,6,1,"M","INC",12215,"RAM SWARUP RAM","H",0.436938570551805,0.0226656025538707  
"Bihar","1962","284",71,"SITAMARHI SOUTH","GEN",80886,44345,8220,6,1,"M","INC",17225,"KISHORI LAL SHAH","H",0.548240733872364,0.185364753636261  
"Bihar","1962","290",72,"SITAMARHI NORTH","GEN",78186,35541,1198,10,1,"F","INC",9311,"GIRIJA DEVI","H",0.454569871844064,0.0337075490278833  
"Bihar","1962","300",73,"SONBARSA","GEN",78896,57557,424,5,1,"M","IND",25663,"SITARAM MAHTO","H",0.729530014195903,0.00736661049047032  
"Bihar","1962","305",74,"SURSAND","GEN",73083,48530,13366,6,1,"F","INC",24935,"PRATIBHA DEVI","H",0.664039516713873,0.275417267669483  
"Bihar","1962","311",75,"PUPRI NORTH","GEN",70116,40959,2282,7,1,"M","PSP",10527,"BHUNESHWAR RAI","H",0.584160533972275,0.055714250836202  
"Bihar","1962","318",76,"PUPRI SOUTH","GEN",67149,30078,5147,5,1,"M","PSP",13209,"DEVENDRA JHA","H",0.447929232006433,0.171121750116364  
"Bihar","1962","323",77,"JALE","GEN",71464,31292,5110,4,1,"M","INC",14157,"EKNARAYAN CHOUDHARY","H",0.437870816075227,0.163300524095615  
"Bihar","1962","327",78,"BENIPATTI WEST","GEN",82868,42257,2196,5,1,"M","CPI",16903,"TEJ NARAIN JHA","H",0.509931457257325,0.0519677213242776  
"Bihar","1962","332",79,"BENIPATTI EAST","GEN",76277,37523,4981,6,1,"M","CPI",12973,"RAJ KUMAR PURBEY","H",0.491930726169094,0.132745249580257  
"Bihar","1962","338",80,"HARLAKHI","GEN",80181,35487,1873,5,1,"M","CPI",11400,"BAIDYANATH YADAV","H",0.442586148838253,0.0527798912277736  
"Bihar","1962","343",81,"JAINAGAR","SC",85664,30943,7266,4,1,"M","INC",15899,"RAMKRISHNA MAHTO","H",0.361213578632798,0.234818860485409  
"Bihar","1962","347",82,"KHAJAULI","GEN",75006,36026,3054,5,1,"M","INC",13154,"SHAKOOR AHMAD","M",0.480308242007306,0.0847721090323655  
"Bihar","1962","352",83,"MADHUBANI WEST","GEN",70786,34695,8163,6,1,"M","INC",14953,"SAFIQULLAH ANSARI","M",0.490139293080553,0.235278858625162  
"Bihar","1962","358",84,"MADHUBANI EAST","GEN",84010,39323,2522,6,1,"M","PSP",14906,"SURAJ NARAIN SINGH","H",0.468075229139388,0.0641354932227958  
"Bihar","1962","364",85,"JHANJHARPUR","GEN",70794,32245,5073,6,1,"M","INC",13709,"HARISHCHANDRA JHA","H",0.455476452806735,0.157326717320515  
"Bihar","1962","370",86,"LAUKAHA","GEN",57318,28854,30,4,1,"M","PSP",7601,"DEONARAIN GURMAITA","H",0.503402072647336,0.00103971719692244  
"Bihar","1962","374",87,"PHULPARAS","GEN",67683,32570,728,3,1,"M","INC",11729,"RASIK LAL YADAV","H",0.481213894183177,0.0223518575376113  
"Bihar","1962","377",88,"MADHEPUR","GEN",77069,40682,3436,5,1,"M","INC",15444,"PREMCHANDRA MISHRA","H",0.527864640776447,0.0844599577208593  
"Bihar","1962","382",89,"BIRAUL","GEN",71564,24393,2546,5,1,"M","SWA",10854,"CHANDRASHEKHAR JHA","H",0.340855737521659,0.104374205714754  
"Bihar","1962","387",90,"BAHERA EAST","GEN",77694,32430,1746,3,1,"M","INC",13818,"MAHESH KANT SHARMA","H",0.41740674955595,0.0538390379278446  
"Bihar","1962","390",91,"BAHERA WEST","GEN",73839,38317,12952,3,1,"M","INC",23873,"HARINATH MISHRA","H",0.518926312653205,0.338022287757392  
"Bihar","1962","393",92,"BAHERA SOUTH","GEN",68024,20152,373,4,1,"F","INC",6676,"KRISHNA DEVI","H",0.296248382923674,0.0185093290988488  
"Bihar","1962","397",93,"DARBHANGA CENTRAL","GEN",89410,45697,12017,4,1,"M","INC",22565,"RAMESHWAR PRASAD SINHA","H",0.511094955821496,0.262971311026982  
"Bihar","1962","401",94,"DARBHANGA NORTH","GEN",71565,23006,2187,4,1,"M","INC",10349,"SHEIKH SAYEEDUL HAQUE","M",0.321469992314679,0.0950621576979918  
"Bihar","1962","405",95,"DARBHANGA WEST","SC",83888,25860,5687,3,1,"F","INC",13303,"SHYAM KUMARI","H",0.308268167079916,0.219914926527456  
"Bihar","1962","408",96,"DARBHANGA EAST","GEN",91452,36421,10499,4,1,"M","INC",18312,"RAMSEWAK THAKUR","H",0.398252635262214,0.288267757612367  
"Bihar","1962","412",97,"WARISNAGAR WEST","GEN",66782,39526,2923,5,1,"F","INC",16910,"RAM SUKUMARI DEVI","H",0.591866071695966,0.0739513231796792  
"Bihar","1962","417",98,"WARISNAGAR EAST","GEN",81876,51574,10111,5,1,"M","PSP",22356,"BASISTHA NARAIN SINGH","H",0.629903756900679,0.196048396478846  
"Bihar","1962","422",99,"SAMASTIPUR EAST","GEN",62832,30223,11397,5,1,"M","INC",15917,"SAHDEO MAHTO","H",0.48101285968933,0.377096912947093  
"Bihar","1962","427",100,"SAMASTIPUR WEST","GEN",59876,29954,3682,5,1,"M","INC",12988,"TEJ NARAIN ISHWAR","H",0.5002672189191,0.122921813447286  
"Bihar","1962","432",101,"TAJPUR","GEN",73650,40231,18157,4,1,"M","PSP",25924,"KARPOORI THAKUR","H",0.546245756958588,0.451318634883548  
"Bihar","1962","436",102,"MOHIUDDINNAGAR","GEN",71666,36239,6258,6,1,"F","INC",14323,"SHANTI DEVI","H",0.505665168978316,0.172686884295924  
"Bihar","1962","442",103,"DALSINGH SARAI WEST","SC",52847,26653,11475,3,1,"M","INC",17379,"BALESHWAR RAM","H",0.504342725225651,0.430533148238472  
"Bihar","1962","445",104,"DALSINGH SARAI EAST","GEN",59534,30404,3282,4,1,"M","INC",14257,"MISHRI SINGH","H",0.510699768199684,0.107946322852256  
"Bihar","1962","449",105,"ROSERA","GEN",65332,33461,12318,3,1,"M","PSP",19928,"RAMAKANT JHA","H",0.512168615686034,0.368130061863064  
"Bihar","1962","452",106,"ROSERA EAST","GEN",61343,29106,11036,7,1,"M","INC",15417,"MAHABIR RAUT","H",0.47447956572062,0.379165807737236  
"Bihar","1962","459",107,"SINGHIA","SC",64481,19638,8446,4,1,"M","INC",11825,"BABU LAL MAHTO","H",0.304554830104992,0.430084529992871  
"Bihar","1962","463",108,"SUPAUL","GEN",101212,59292,1559,5,1,"M","PSP",25404,"PARMESHWAR KUMAR","H",0.585819863257321,0.0262935977872226  
"Bihar","1962","468",109,"KISHUNPUR","GEN",105196,49861,1945,4,1,"M","INC",19215,"BAIDYANATH MEHTA","H",0.473981900452489,0.0390084434728545  
"Bihar","1962","472",110,"RAGHOPUR_2","GEN",57837,29578,2139,4,1,"M","INC",13519,"RAJENDRA MISHRA","H",0.511402735273268,0.0723172628304821  
"Bihar","1962","476",111,"TRIBENIGANJ","GEN",52941,22698,1211,4,1,"M","INC",9603,"KHUB LAL MAHTO","H",0.428741429138097,0.0533527183011719  
"Bihar","1962","480",112,"SINGHESWARSTHAN","SC",50047,21129,2221,3,1,"M","SOC",10280,"RAMJI MUSAHAR","H",0.422183147841029,0.105116191017086  
"Bihar","1962","483",113,"MURLIGANJ","GEN",66476,34859,3397,4,1,"M","SOC",15664,"JAI KUMAR SINGH","H",0.524384740357422,0.0974497260391864  
"Bihar","1962","487",114,"MADHEPURA","GEN",75115,36762,14944,2,1,"M","INC",24451,"BINDESHWARI PRASAD MANDAL","H",0.489409571989616,0.406506718894511  
"Bihar","1962","489",115,"SAHARSA","GEN",85646,46757,19524,5,1,"M","PSP",26810,"RAMESH JHA","H",0.545933260163931,0.417563145625254  
"Bihar","1962","494",116,"SONABARSA","GEN",58006,28034,3903,6,1,"M","SWA",11678,"SURESH CHANDRA YADAV","H",0.483294831569148,0.139223799671827  
"Bihar","1962","500",117,"KISHANGANJ_1","SC",61891,21123,5809,7,1,"F","INC",10244,"YASHODA DEVI","H",0.341293564492414,0.275008284808029  
"Bihar","1962","507",118,"ALAMNAGAR","GEN",68335,33563,2933,7,1,"M","INC",10796,"YADUNANDAN JHA","H",0.491153874295749,0.0873878973870035  
"Bihar","1962","514",119,"RUPAULI","GEN",79656,41846,15275,5,1,"M","INC",21450,"BRIJ BIHARI SINGH","H",0.525333935924475,0.365028915547484  
"Bihar","1962","519",120,"DHAMDAHA","GEN",70178,34042,11469,6,1,"M","INC",18383,"LAKSHMI NARAIN SUDHANSHU","H",0.485080794550999,0.336907349744433  
"Bihar","1962","525",121,"BANMANKHI","SC",71542,30272,21328,3,1,"M","INC",24367,"BHOLA PASWAN","H",0.42313605993682,0.704545454545455  
"Bihar","1962","528",122,"RANIGANJ","GEN",89399,36676,574,3,1,"M","IND",13575,"GANESHLAL VERMA","H",0.410250673944899,0.0156505616752099  
"Bihar","1962","531",123,"NARPATGANJ","SC",67722,25843,12067,4,1,"M","INC",16040,"DUMAR LAL BAITHA","H",0.381604205428074,0.466934953372287  
"Bihar","1962","535",124,"FORBESGANJ","GEN",81655,43175,4715,4,1,"M","PSP",19537,"SARYU MISHRA","H",0.528749004959892,0.109206716850029  
"Bihar","1962","539",125,"ARARIA","GEN",85074,43734,4945,4,1,"M","IND",15245,"BALKRISHNA JHA","H",0.514070103674448,0.113069922714593  
"Bihar","1962","543",126,"PALASI","GEN",90176,32169,6449,3,1,"M","SWA",15626,"MOHAMMAD AZIMUDDIN","M",0.35673571682044,0.200472504585160  
"Bihar","1962","546",127,"BAHADURGANJ","GEN",75139,24432,2514,4,1,"M","INC",9345,"RAFIQ ALAM","M",0.325157374998336,0.102897838899804  
"Bihar","1962","550",128,"KISHANGANJ_2","GEN",86374,23911,4590,5,1,"M","SWA",10793,"MOHAMMAD HUSAIN AZAD","M",0.276830990807419,0.191961858558822  
"Bihar","1962","555",129,"AMOUR","GEN",97848,38420,5219,4,1,"M","INC",14097,"MOHAMMAD ALIJAN","M",0.392649824217153,0.135840707964602  
"Bihar","1962","559",130,"PURNIA","GEN",94477,43473,21085,3,1,"M","INC",28889,"KAMAL DEO NARAIN SINHA","H",0.460143738687723,0.485013686656085  
"Bihar","1962","562",131,"BAISI","GEN",81224,39393,12361,2,1,"M","PSP",24879,"HASIBUR RAHMAN","M",0.484992120555501,0.313786713375473  
"Bihar","1962","564",132,"KADWA","GEN",77016,35779,200,3,1,"M","INC",15911,"KAMALNATH JHA","H",0.464565804508154,0.00558987115346991  
"Bihar","1962","567",133,"AZAMNAGAR","ST",73272,20303,563,3,1,"M","PSP",8794,"NANDLAL MARANDI","H",0.277090839611311,0.0277298921341674  
"Bihar","1962","570",134,"KATIHAR","GEN",73868,34723,6996,8,1,"M","INC",13480,"SUKHDEO NARAIN SINGH","H",0.470068229815346,0.201480286841575  
"Bihar","1962","578",135,"BARARI","GEN",79056,32641,9145,8,1,"M","INC",14149,"BASUDEO PRASAD SINGH","H",0.412884537543007,0.280169112465917  
"Bihar","1962","586",136,"MANIHARI","GEN",66620,28076,10634,3,1,"M","PSP",18108," YUVARAJ","H",0.421435004503152,0.378757657786009  
"Bihar","1962","589",137,"RAJMAHAL","GEN",62513,34310,7480,6,1,"M","INC",19312,"BINODANAND JHA","H",0.548845840065266,0.218012241329059  
"Bihar","1962","595",138,"BORIO","ST",66423,22671,3619,3,1,"M","JP",11696,"SINGRAI MURMU","H",0.341312497177183,0.159631246967492  
"Bihar","1962","598",139,"BARHAIT","ST",62326,20884,6605,4,1,"M","JP",12284,"BABULAL TUDU","H",0.335076853961429,0.316270829343038  
"Bihar","1962","602",140,"LITIPARA","ST",53763,13885,5067,5,1,"M","JP",7302,"RAM CHARAN KISKU","H",0.258263117757566,0.364926179330212  
"Bihar","1962","607",141,"PAKAUR","GEN",78341,37968,1316,2,1,"M","JP",18429,"PRASUNANDU CHANDRA PANDEY","H",0.484650438467724,0.0346607669616519  
"Bihar","1962","609",142,"MAHESHPUR","ST",65955,19702,658,5,1,"M","SWA",7252,"JOSEPH MURMU","H",0.298718823440224,0.0333976246066389  
"Bihar","1962","614",143,"SIKARIPARA","ST",57574,20296,5862,6,1,"M","JP",10559,"BARIYAR HEMBROM","H",0.352520234828221,0.28882538431218  
"Bihar","1962","620",144,"RANESHWAR","ST",65674,18905,1641,6,1,"M","JP",8278,"BARKA BASKI","H",0.287861254073149,0.0868024332187252  
"Bihar","1962","626",145,"NALA","GEN",64536,21861,8082,3,1,"M","CPI",12287,"BISHESHWAR KHAN","M",0.338741167720342,0.369699464800329  
"Bihar","1962","629",146,"JAMTARA","GEN",75038,27928,2848,4,1,"M","SWA",9828,"KALI PRASAD SINGH","H",0.372184759721741,0.101976511028359  
"Bihar","1962","633",147,"SARATH","GEN",68940,36655,2595,5,1,"M","PSP",13829,"KAMDEO PRASAD SINGH","H",0.53169422686394,0.0707952530350566  
"Bihar","1962","638",148,"MADHUPUR","SC",73833,24212,3680,3,1,"M","SWA",12058,"CHHATU TURI","H",0.327929245730229,0.151990748389228  
"Bihar","1962","641",149,"DEOGHAR","GEN",69680,31068,2843,6,1,"F","INC",13543,"SHAILBALA ROY","H",0.445866819747417,0.0915089481138149  
"Bihar","1962","647",150,"JARMUNDI","GEN",71269,40673,1197,4,1,"M","INC",16958,"SRIKANT JHA","H",0.570696936957162,0.0294298428933199  
"Bihar","1962","651",151,"DUMKA","ST",73430,35044,3075,4,1,"M","JP",16927,"PAUL MURMU","H",0.477243633392346,0.0877468325533615  
"Bihar","1962","655",152,"RAMGARH (ST)","ST",64384,26093,2409,4,1,"M","JP",11741,"MADAN BESRA","H",0.405271496023857,0.0923236116966236  
"Bihar","1962","659",153,"POREYAHAT","ST",60832,27138,2472,5,1,"M","INC",12514,"JADUNANDAN MURMU","H",0.44611388742767,0.0910899845235463  
"Bihar","1962","664",154,"GODDA","GEN",61037,29073,3774,7,1,"M","INC",9484,"DEEP NARAIN CHAUDHARY","H",0.476317643396628,0.129811164998452  
"Bihar","1962","671",155,"MAHAGAMA","GEN",68986,33807,6042,6,1,"M","INC",14950,"RAJPATI RAM","H",0.490055953381846,0.17872038335256  
"Bihar","1962","677",156,"PIRPAINTI","GEN",69383,36823,1320,8,1,"M","INC",12955,"BAIKUNTH RAM","H",0.53072078174769,0.0358471607419276  
"Bihar","1962","685",157,"COLGONG","GEN",77871,38936,6547,6,1,"M","INC",17113,"SYED MAQBOOL AHMED","M",0.50000642087555,0.168147729607561  
"Bihar","1962","691",158,"BHAGALPUR MUFFASIL","SC",74779,22095,11357,4,1,"M","INC",14769,"BHOLANATH DAS","H",0.295470653525722,0.514007694048427  
"Bihar","1962","695",159,"BHAGALPUR","GEN",64035,35416,9030,5,1,"M","INC",17190,"SATYENDRA NARAYAN AGARWAL","H",0.553072538455532,0.254969505308335  
"Bihar","1962","700",160,"GOPALPUR","GEN",70742,38142,8167,3,1,"F","INC",20831,"MAYA DEVI","H",0.539170506912442,0.214120916574904  
"Bihar","1962","703",161,"BIHPUR","GEN",76661,41829,4859,4,1,"M","INC",16511,"SUKHADEO CHOUDHARY","H",0.545635981789958,0.116163427287289  
"Bihar","1962","707",162,"SULTANGANJ","GEN",80305,46554,13398,6,1,"M","INC",23397,"DEVI PRASAD MAHTO","H",0.579714837183239,0.287794818919964  
"Bihar","1962","713",163,"AMARPUR","GEN",58836,25003,6620,4,1,"M","INC",12823,"SHITAL PRASAD BHAGAT","H",0.424960908287443,0.264768227812662  
"Bihar","1962","717",164,"DHURAIYA","GEN",70352,32969,2107,5,1,"M","INC",10218,"SAMINUDDIN MAULVI","M",0.468629178985672,0.0639085201249659  
"Bihar","1962","722",165,"BANKA","GEN",67399,28827,1956,3,1,"M","SWA",13448,"BRIJ MOHAN SINGH","H",0.427706642531788,0.0678530544281403  
"Bihar","1962","725",166,"BELHAR","GEN",92107,40392,13699,4,1,"M","INC",21025,"RAGHVENDRA NARAIN SINGH","H",0.438533444797898,0.339151317092494  
"Bihar","1962","729",167,"KATORIA","ST",50153,15597,389,3,1,"M","SWA",6386,"KAMPA MURMU","H",0.310988375570753,0.0249406937231519  
"Bihar","1962","732",168,"CHAKAI","ST",47335,14768,2404,4,1,"M","SOC",6944,"LAKHAN MURMU","H",0.311989014471321,0.162784398699892  
"Bihar","1962","736",169,"JHAJHA","GEN",59971,29407,4784,4,1,"M","SOC",15676,"SHRI KRISHNA SINGH","H",0.490353670940955,0.162682354541436  
"Bihar","1962","740",170,"JAMUI","SC",58590,26212,4342,4,1,"M","INC",12056,"GURU RAMDAS","H",0.447380098993002,0.165649320921715  
"Bihar","1962","744",171,"SIKANDRA","GEN",72337,33593,4695,3,1,"M","INC",14453,"MUSHTAQUE AHMED SHAH","M",0.464395814037076,0.139761259786265  
"Bihar","1962","747",172,"SHEIKHPURA","GEN",64605,33217,6369,5,1,"M","INC",16513,"SHIVSHANKAR SINGH","H",0.514155251141552,0.191739169702261  
"Bihar","1962","752",173,"BARBIGHA","SC",78581,34735,13162,5,1,"F","INC",21368,"LEELA DEVI","H",0.442027971138061,0.378926155174896  
"Bihar","1962","757",174,"BURHEE","GEN",64080,41257,4596,4,1,"M","PSP",18407,"KAPILDEO SINGH","H",0.643835830212235,0.11139927769833  
"Bihar","1962","761",175,"SURYAGARHA","GEN",67110,40795,6217,4,1,"M","INC",15307,"RAJESHWARI PRASAD SINGH","H",0.607882580837431,0.152396126976345  
"Bihar","1962","765",176,"TARAPUR","GEN",63237,36612,8607,4,1,"M","INC",20201,"JAYAMANGAL SINGH","H",0.578964846529722,0.235086856768273  
"Bihar","1962","769",177,"KHARAGPUR","GEN",64274,38625,7170,3,1,"M","INC",20862,"NANDKUMAR SINGH","H",0.600942838472788,0.185631067961165  
"Bihar","1962","772",178,"MONGHYR","GEN",72893,41178,3966,4,1,"M","INC",19538,"RAM GOVIND SINGH VERMA","H",0.56491021085701,0.0963135654961387  
"Bihar","1962","776",179,"JAMALPUR","GEN",55857,34717,3389,5,1,"M","INC",12018,"YOGENDRA MAHTO","H",0.621533558909358,0.097617881729412  
"Bihar","1962","781",180,"PARBATTA","GEN",77126,44568,4735,3,1,"F","INC",21809,"LAKSHMI DEVI","H",0.577859606358426,0.106242146831808  
"Bihar","1962","784",181,"CHAUTHAM","GEN",69168,38116,5551,3,1,"M","INC",18689,"GHANSHYAM SINGH","H",0.551064075873236,0.145634379263301  
"Bihar","1962","787",182,"BAKHTIARPUR_1","GEN",74141,40226,7495,3,1,"M","INC",20329,"MOHAMMAD SALAUDDIN CHAUDHRY","M",0.542560796320524,0.186322279122955  
"Bihar","1962","790",183,"ALAULI","SC",74436,27493,14443,4,1,"M","INC",18752,"MISHRI SADA","H",0.369350851738406,0.525333721310879  
"Bihar","1962","794",184,"KHAGARIA","GEN",80818,46603,5975,5,1,"M","INC",15992,"KEDAR NARAYAN SINGH AZAD","H",0.576641342275236,0.128210630216939  
"Bihar","1962","799",185,"BALIA","GEN",68253,36069,13243,9,1,"F","INC",17438,"PREMA DEVI","H",0.528460287459892,0.367157392774959  
"Bihar","1962","808",186,"BEGUSARAI","GEN",75098,42370,14186,5,1,"M","INC",24433,"RAM NARAIN CHOUDHARY","H",0.56419611707369,0.334812367240972  
"Bihar","1962","813",187,"BAKHRI","SC",58930,30035,3569,3,1,"M","INC",15414,"MEDANI PASWAN","H",0.509672492788054,0.118828033960380  
"Bihar","1962","816",188,"BARIARPUR","GEN",65382,35520,9784,4,1,"M","INC",19105,"HARIHAR MAHTO","H",0.543268789575112,0.275450450450450  
"Bihar","1962","820",189,"TEGHRA","GEN",64083,35382,3992,5,1,"M","CPI",16773,"CHANDRASHEKHAR SINGH","H",0.552127709376902,0.112825730597479  
"Bihar","1962","825",190,"BACHHWARA","GEN",72994,37499,8849,5,1,"F","INC",16638,"GIRISH KUMARI SINGH","H",0.513727155656629,0.235979626123363  
"Bihar","1962","830",191,"BARH","GEN",61445,35428,2185,5,1,"M","INC",15865,"RANA SHIVALAKHPATI SINGH","H",0.576580681910652,0.0616743818448685  
"Bihar","1962","835",192,"MOKAMA","GEN",63477,35680,999,5,1,"M","IND",16404,"SARYOO NANDAN PRASAD SINGH","H",0.562093356648865,0.0279988789237668  
"Bihar","1962","840",193,"ASTHAWAN","GEN",70227,42901,3409,3,1,"M","PSP",21749,"KAUSHLENDRA PD. NARAYAN SINGH","H",0.610890398279864,0.0794620172023962  
"Bihar","1962","843",194,"BIHAR NORTH","GEN",79574,42055,5361,6,1,"M","INC",19324,"SYED WASIUDDIN AHMED","M",0.528501771935557,0.127475924384734  
"Bihar","1962","849",195,"BIHAR SOUTH","GEN",70541,33093,1967,9,1,"M","INC",12337,"GIRWARDHARI SINGH","H",0.46913142711331,0.0594385519596289  
"Bihar","1962","858",196,"RAJGIR","SC",74137,33557,7272,3,1,"M","INC",18091,"BALDEO PRASAD","H",0.452634986578901,0.216705903388265  
"Bihar","1962","861",197,"ISLAMPUR","GEN",86805,39986,5898,5,1,"M","SWA",19391,"SHYAM SUNDAR PRASAD","H",0.460641668106676,0.147501625568949  
"Bihar","1962","866",198,"CHANDI","GEN",67688,34566,1749,10,1,"M","PSP",10890,"RAM RAJ PRASAD SINGH","H",0.510666587873774,0.0505988543655615  
"Bihar","1962","876",199,"HILSA","GEN",74963,44848,7783,7,1,"M","JS",23526,"JAGDISH PRASAD","H",0.598268479116364,0.173541740991795  
"Bihar","1962","883",200,"BAKHTIARPUR_2","GEN",67052,37421,1328,8,1,"M","INC",15846,"RAMYATAN SINGH","H",0.558089244168705,0.0354880949199647  
"Bihar","1962","891",201,"FATWAH","SC",66075,30036,1267,5,1,"M","INC",13704,"KAULESHWAR DAS","H",0.454574347332577,0.0421827140764416  
"Bihar","1962","896",202,"MASAURHI","SC",59044,22863,7729,3,1,"F","INC",14140,"SARASWATI CHAUDHARY","H",0.387219700562293,0.338057122862267  
"Bihar","1962","899",203,"PUNPUN","GEN",60069,30227,8633,6,1,"M","INC",17390,"NAWAL KISHORE SINGH","H",0.503204647988147,0.285605584411288  
"Bihar","1962","905",204,"NAUBATPUR","GEN",70436,43196,301,6,1,"M","INC",16723,"DASU SINGH","H",0.613265943551593,0.00696823779979628  
"Bihar","1962","911",205,"PATNA SOUTH","GEN",76228,44733,1969,6,1,"M","INC",17009,"BADRINATH VERMA","H",0.586831610431862,0.0440167214360763  
"Bihar","1962","917",206,"PATNA EAST","GEN",73960,40876,3381,7,1,"F","INC",13739,"ZAHRA AHMAD","M",0.552677122769064,0.0827135727566298  
"Bihar","1962","924",207,"PATNA WEST","GEN",64540,38893,22288,5,1,"M","INC",27925,"KRISHNA BALLABH SAHAY","H",0.602618531143477,0.573059419432803  
"Bihar","1962","929",208,"DINAPUR","GEN",57740,34756,5741,4,1,"M","SOC",18228,"RAM SEWAK SINGH","H",0.601939729823346,0.165180112786282  
"Bihar","1962","933",209,"MANER","GEN",57552,30499,4576,10,1,"M","INC",9687,"BUDHADEO SINGH","H",0.529938142896858,0.1500377061543  
"Bihar","1962","943",210,"BIKRAM","GEN",82749,45058,10009,8,1,"F","INC",18238,"MANORAMA DEVI","H",0.544514133101306,0.222135913711217  
"Bihar","1962","951",211,"PALIGANJ","GEN",75175,51009,7417,4,1,"M","INC",27494,"RAM LAKHAN SINGH YADAV","H",0.678536747588959,0.145405712717364  
"Bihar","1962","955",212,"SANDESH","GEN",59368,32779,9757,4,1,"M","INC",17581,"JHAMAN PRASAD","H",0.552132461932354,0.297660087250984  
"Bihar","1962","959",213,"ARRAH","GEN",70726,33593,5064,8,1,"F","INC",15823,"SUMITRA DEVI","H",0.474973842716964,0.150745691066591  
"Bihar","1962","967",214,"ARRAH MUFFASIL","GEN",66746,32242,8080,5,1,"M","INC",15836,"AMBIKA SINGH","H",0.483055164354418,0.250604801190993  
"Bihar","1962","972",215,"SHAHPUR","GEN",80315,42385,7646,5,1,"M","PSP",21974,"RAMA NAND TIWARI","H",0.527734545228164,0.180394007313908  
"Bihar","1962","977",216,"BARHAMPUR","GEN",94119,38494,505,6,1,"M","IND",8031,"BUDDHINATH SINGH","H",0.408992870727483,0.0131189276250844  
"Bihar","1962","983",217,"DUMRAON","GEN",81899,39271,2523,5,1,"M","INC",12466,"KUMAR GANGA PRASAD SINGH","H",0.479505244264277,0.0642458811845891  
"Bihar","1962","988",218,"NAWANAGAR","GEN",69127,36827,1856,4,1,"M","CPI",14196,"SURAJ PRASAD","H",0.532744079737295,0.0503978059575855  
"Bihar","1962","992",219,"BUXAR","GEN",62252,35944,11227,3,1,"M","INC",21408,"JAG NARAIN TRIVEDI","H",0.577395103771766,0.312346984197641  
"Bihar","1962","995",220,"RAMGARH_1","GEN",65756,41187,5177,5,1,"M","INC",16374,"BISHWANATH RAI","H",0.626361092523876,0.125695000849783  
"Bihar","1962","1000",221,"MOHANIA","GEN",71770,48206,2582,5,1,"M","INC",17716,"MANGAL CHARAN SINGH","H",0.671673401142539,0.0535617972866448  
"Bihar","1962","1005",222,"CHAINPUR","SC",59909,37738,1184,5,1,"M","INC",15593,"RAM KRISHNA RAM","H",0.629922048440134,0.0313742116699348  
"Bihar","1962","1010",223,"BHABHUA","GEN",66522,43582,4001,6,1,"M","INC",19902,"SHYAM NARAYAN PANDEY","H",0.655151679143742,0.0918039557615529  
"Bihar","1962","1016",224,"CHENARI","SC",72221,48068,5684,8,1,"M","INC",19568,"SHRIGOVIND RAM","H",0.665568186538541,0.118249147041691  
"Bihar","1962","1024",225,"SASARAM","GEN",83541,47136,5280,8,1,"M","INC",17264,"DUKHAN RAM","H",0.564225948935253,0.112016293279022  
"Bihar","1962","1032",226,"DEHRI","GEN",77284,49477,19379,5,1,"M","INC",31224,"ABDUL QAYUM ANSARI","M",0.640197194762176,0.391676940800776  
"Bihar","1962","1037",227,"NOKHA","GEN",62790,37136,10926,10,1,"M","INC",17986,"GUTHALI SINGH","H",0.591431756649148,0.294215855234813  
"Bihar","1962","1047",228,"DINARA","GEN",78263,48367,7760,4,1,"M","PSP",25692,"RAM ASHISH SINGH","H",0.618005954282356,0.160439969400624  
"Bihar","1962","1051",229,"BIKRAMGANJ","GEN",68276,35851,4740,5,1,"F","INC",13314,"MANORAMA PANDEY","H",0.525089343253852,0.132213885247273  
"Bihar","1962","1056",230,"DAWATH","GEN",68732,38858,3308,7,1,"M","INC",11696,"KRISHNA RAJ SINHA","H",0.565355293022173,0.08513047506305  
"Bihar","1962","1063",231,"JAGDISHPUR","SC",67923,29459,442,6,1,"M","PSP",12100,"SUKER RAM","H",0.433711702957761,0.0150039037306086  
"Bihar","1962","1069",232,"PIRO","GEN",62769,33404,2972,6,1,"M","INC",9613,"INDRAMANI SINGH","H",0.532173525147764,0.0889713806729733  
"Bihar","1962","1075",233,"SAHAR","GEN",60851,30245,2821,5,1,"M","INC",12336,"SHEO PUJAN RAI","H",0.497033738147278,0.0932716151429988  
"Bihar","1962","1080",234,"ARWAL","GEN",73934,42691,226,6,1,"M","INC",13141,"BUDDHAN MEHTA","H",0.577420401980144,0.00529385584783678  
"Bihar","1962","1086",235,"KURTHA","GEN",68977,36891,2469,7,1,"M","PSP",13422,"RAMCHARAN SINGH","H",0.534830450729953,0.0669268927380662  
"Bihar","1962","1093",236,"MAKHDUMPUR","GEN",59483,32441,12789,6,1,"M","INC",19164,"SUKHDEO PRASAD VERMA","H",0.545382714388985,0.394223359329244  
"Bihar","1962","1099",237,"JAHANABAD","SC",75635,36486,733,5,1,"M","INC",15598,"MAHABIR CHAUDHARY","H",0.482395716268923,0.0200898974949296  
"Bihar","1962","1104",238,"GHOSI","GEN",82002,43673,4806,8,1,"M","INC",17155,"MITHILESHWAR PRASAD SINGH","H",0.532584571108022,0.110045107961441  
"Bihar","1962","1112",239,"BELAGANJ","SC",62802,24322,6189,5,1,"M","INC",13233,"RAMESHWAR MANJHI","H",0.387280659851597,0.254460981827152  
"Bihar","1962","1117",240,"GOH","GEN",76622,39457,7355,7,1,"M","INC",20233,"THAKUR MUNESHWAR NATH SINGH","H",0.514956539897158,0.186405454038574  
"Bihar","1962","1124",241,"DAUDNAGAR","GEN",73540,30948,7198,6,1,"M","INC",13855,"RAM NARAYAN SINGH YADAV","H",0.420832200163177,0.232583688768256  
"Bihar","1962","1130",242,"OBRA","SC",77529,29372,3126,5,1,"M","INC",11193,"DILKESHWAR RAM","H",0.378851784493544,0.106427890507967  
"Bihar","1962","1135",243,"NABINAGAR","GEN",71540,31189,9777,5,1,"M","INC",16844,"SATYENDRA NARAIN SINHA","H",0.435965893206598,0.313475904966495  
"Bihar","1962","1140",244,"AURANGABAD","GEN",68080,24262,2892,4,1,"M","SWA",10421,"BRIJMOHAN SINGH","H",0.356374853113984,0.119198747011788  
"Bihar","1962","1144",245,"RAFIGANJ","GEN",64352,28643,6004,4,1,"M","SWA",15461,"RAM PUKAR SINGH","H",0.445098831427151,0.209614914638830  
"Bihar","1962","1148",246,"IMAMGANJ","GEN",54720,26881,1153,3,1,"M","SWA",12662,"AMBIKA PRASAD SINGH","H",0.49124634502924,0.0428927495256873  
"Bihar","1962","1151",247,"SHERGHATI","GEN",61279,29494,887,4,1,"M","INC",10237,"MOHAMMAD SHAHJAHAN","M",0.481306809836975,0.0300739133383061  
"Bihar","1962","1155",248,"BARACHATTI","GEN",48713,23216,1016,4,1,"M","SWA",8546,"MUSHTAQ ALI KHAN","M",0.476587358610638,0.043762922122674  
"Bihar","1962","1159",249,"BODH GAYA","GEN",54222,21808,4617,3,1,"M","SWA",12304,"KULDEEP MAHTO","H",0.402198369665449,0.211711298606016  
"Bihar","1962","1162",250,"KONCH","GEN",55883,28294,1866,7,1,"M","PSP",10859,"MUNDRIKA SINGH","H",0.506307821698907,0.0659503781720506  
"Bihar","1962","1169",251,"GAYA","GEN",62970,37766,2883,4,1,"M","IND",17145,"SHYAM BARTHWAR","H",0.599745910751151,0.0763385055340783  
"Bihar","1962","1173",252,"GAYA MUFASSIL","GEN",54362,28038,4521,7,1,"M","INC",14431,"HARDEO SINGH","H",0.515764688569221,0.161245452600043  
"Bihar","1962","1180",253,"ATRI","GEN",65054,32626,4688,7,1,"M","INC",13261,"SHEO RATAN SINGH","H",0.501521812647954,0.143689082326978  
"Bihar","1962","1187",254,"HISUA","GEN",63332,34804,9405,5,1,"F","INC",20190,"RAJKUMARI DEVI","H",0.549548411545506,0.270227560050569  
"Bihar","1962","1192",255,"NAWADA","GEN",87610,46296,614,7,1,"M","JS",14730,"GAURI SHANKAR KESHRI","H",0.528432827302819,0.0132624848799032  
"Bihar","1962","1199",256,"WARSALIGANJ","GEN",81005,40658,3465,5,1,"M","INC",16993,"RAMKISHUN SINGH","H",0.501919634590457,0.0852230803285946  
"Bihar","1962","1204",257,"PAKRIBARWAN","SC",61130,24728,6036,3,1,"M","INC",13280,"CHETU RAM","H",0.404514968100769,0.244095761889356  
"Bihar","1962","1207",258,"RAJAULI","GEN",61806,27150,2065,5,1,"M","INC",8267,"RAM SWARUP PRASAD YADAV","H",0.43927774002524,0.0760589318600368  
"Bihar","1962","1212",259,"DHANWAR","SC",62377,13468,1171,4,1,"M","SWA",6400,"GOPAL RAVIDAS","H",0.215912916619908,0.086946836946837  
"Bihar","1962","1216",260,"GAWAN","GEN",60212,18122,2273,7,1,"M","SWA",8124,"GIRIJA PRASAD SINGH","H",0.300969906330964,0.125427656991502  
"Bihar","1962","1223",261,"JAMUA","GEN",60062,19345,3827,9,1,"M","SWA",9687,"INDRA NARAIN SINGH","H",0.322083846691752,0.197828896355647  
"Bihar","1962","1232",262,"GIRIDIH","GEN",67767,31672,4757,10,1,"M","INC",11136,"RAGHUNANDAN RAM","H",0.467366122153851,0.150195756504168  
"Bihar","1962","1242",263,"DUMRI","ST",67858,20082,5197,2,1,"M","SWA",12153,"HEMLAL PRAGNAIT","H",0.295941524949159,0.258788965242506  
"Bihar","1962","1244",264,"BERMO","GEN",56187,26483,2028,5,1,"M","INC",11432,"BINDESHWARI DUBEY","H",0.471336786089309,0.0765774270286599  
"Bihar","1962","1249",265,"BAGODAR","GEN",59446,14231,6350,3,1,"M","SWA",9503,"MOTI RAM","H",0.239393735491034,0.446208980394913  
"Bihar","1962","1252",266,"BARHI","GEN",66600,25112,11941,3,1,"M","SWA",15989,"KAMAKSHYA NARAIN SINGH","H",0.377057057057057,0.475509716470213  
"Bihar","1962","1255",267,"KODARMA","GEN",57248,27997,3908,5,1,"M","INC",11396,"AWADH BIHARI DIKSHIT","H",0.489047652319732,0.139586384255456  
"Bihar","1962","1260",268,"CHAUPARAN","GEN",62750,25215,4436,4,1,"M","SWA",12167,"NAND KISHORE SINGH","H",0.401832669322709,0.175927027562959  
"Bihar","1962","1264",269,"CHATRA","GEN",71903,28686,14503,2,1,"M","SWA",20634,"KESHAV PRASAD SINGH","H",0.398954146558558,0.505577633688908  
"Bihar","1962","1266",270,"BARKAGAON","GEN",66410,16694,9955,4,1,"F","SWA",12239,"SHASHANK MANJARI","H",0.251377804547508,0.596322031867737  
"Bihar","1962","1270",271,"HAZARIBAGH","GEN",65474,27387,2052,5,1,"M","INC",12437,"GYANI RAM","H",0.418288175458961,0.0749260598093986  
"Bihar","1962","1275",272,"MANDU","GEN",72355,21550,5398,3,1,"M","SWA",12704,"RAGHUNANDAN PRASAD","H",0.297837053417179,0.250487238979118  
"Bihar","1962","1278",273,"RAMGARH_2","GEN",68263,21340,3315,5,1,"M","SWA",10451,"TARA PRASAD BAKSHI","H",0.312614447065028,0.155342080599813  
"Bihar","1962","1283",274,"PETARBAR","ST",63806,13782,6075,3,1,"M","SWA",9279,"RAMESHWAR MANJHI","H",0.215998495439300,0.440792337831955  
"Bihar","1962","1286",275,"TOPCHANCHI","GEN",73970,36043,9639,5,1,"M","SWA",18899,"PURNENDU NARAYAN SINGH","H",0.487265107476004,0.267430569042533  
"Bihar","1962","1291",276,"KENDUADIH","SC",71610,31322,8644,6,1,"M","INC",15685,"RAMLAL DAS","H",0.43739701159056,0.275972160143030  
"Bihar","1962","1297",277,"DHANBAD","GEN",70486,34890,13113,13,1,"M","INC",16704,"SHEORAJ PRASAD","H",0.494991913287745,0.375838349097163  
"Bihar","1962","1310",278,"TUNDI","GEN",62966,16834,9097,6,1,"M","SWA",10931,"GOKHULESHWAR MISHRA","H",0.267350633675317,0.540394439824165  
"Bihar","1962","1316",279,"NIRSA","ST",72976,30127,1384,5,1,"M","INC",10381,"LAKSHMI NARAYAN MANJHI","H",0.412834356500767,0.045938858830949  
"Bihar","1962","1321",280,"JORAPOKHAR","GEN",82694,39974,5111,7,1,"M","INC",14931,"RAM NARAIN SHARMA","H",0.483396618859893,0.127858107770051  
"Bihar","1962","1328",281,"CHAS","GEN",79819,34944,4947,8,1,"M","SWA",11703,"PARVATI CHARAN MAHTO","H",0.437790501008532,0.141569368131868  
"Bihar","1962","1336",282,"BAHARAGORA","GEN",74382,32783,2056,7,1,"M","IND",10419,"JHARESHWAR GHOSH","H",0.440738350676239,0.0627154317786658  
"Bihar","1962","1343",283,"GHATSILA","ST",72774,22411,897,6,1,"M","CPI",6724,"BASTA SOREN","H",0.307953389946959,0.0400249877292401  
"Bihar","1962","1349",284,"POTKA","ST",68991,16767,141,6,1,"M","INC",5186,"MANJHI RASRAJ TUDU","H",0.243031699786929,0.00840937555913401  
"Bihar","1962","1355",285,"JAMSHEDPUR","GEN",85578,50158,12610,7,1,"M","CPI",25748,"RAMAVATAR SINGH","H",0.586108579307766,0.251405558435344  
"Bihar","1962","1362",286,"JUGSALAI","GEN",69394,36779,4663,9,1,"M","CPI",17045,"SUNIL MUKHERJEE","H",0.530002593884197,0.126784306261725  
"Bihar","1962","1371",287,"SERAIKELLA","GEN",64178,22900,2147,3,1,"M","IND",9741,"NIRPENDRA NARAYAN SINGH DEO","H",0.356820094113248,0.0937554585152838  
"Bihar","1962","1374",288,"CHAIBASA","ST",69963,23568,8090,3,1,"M","JP",13534,"HARISH CHANDRA DEOGAM","H",0.336863770850307,0.34326205023761  
"Bihar","1962","1377",289,"MANJARI","ST",67458,23950,6464,3,1,"M","JP",13416,"VIVEKANAND PAREYA","H",0.355035725933173,0.269895615866388  
"Bihar","1962","1380",290,"MAJHGAON","ST",64184,17584,1549,7,1,"M","JP",5222,"SHARAN BALMUCHU","H",0.273962358220117,0.0880914467697907  
"Bihar","1962","1387",291,"MANOHARPUR","GEN",69511,20150,2078,5,1,"M","JP",7680,"SHUBHNATH DEOGAM","H",0.289882176921638,0.103126550868486  
"Bihar","1962","1392",292,"SONUA","ST",76931,22621,5528,3,1,"M","JP",11455,"SANATAN SAMAD","H",0.294042713600499,0.244374696078865  
"Bihar","1962","1395",293,"CHAKRADHARPUR","GEN",65750,26471,5411,6,1,"M","IND",11334,"RUDRA PRATAP SARANGI","H",0.402600760456274,0.204412375807487  
"Bihar","1962","1401",294,"CHANDIL WEST","SC",53908,14111,644,6,1,"M","INC",4076,"NATHUNI RAM CHAMAR","H",0.261760777621132,0.0456381546311388  
"Bihar","1962","1407",295,"CHANDIL EAST","GEN",55984,23493,3989,10,1,"M","SWA",8787,"PRABHAT KUMAR ADITYADEV","H",0.419637753643898,0.169795258162006  
"Bihar","1962","1417",296,"TAMAR","ST",60565,23884,972,5,1,"M","JP",8139,"DHANSINGH MUNDA","H",0.394353174275572,0.0406967007201474  
"Bihar","1962","1422",297,"SONAHATU","SC",71800,28965,7748,4,1,"M","SWA",13904,"SOMAR RAM","H",0.403412256267409,0.267495252891421  
"Bihar","1962","1426",298,"RANCHI","GEN",69735,30775,6088,11,1,"M","INC",13761,"VIRENDRA NATH ROY","H",0.441313544131354,0.197822908204712  
"Bihar","1962","1437",299,"SILLI","GEN",59003,26277,9324,3,1,"M","SWA",16389,"JAGESHWAR CHOWDHARY","H",0.445350236428656,0.354835026829547  
"Bihar","1962","1440",300,"RANCHI SADAR","GEN",61776,21058,1531,5,1,"M","SWA",6506,"AMBIKA NATH SAHDEO","H",0.340876715876716,0.072703960490075  
"Bihar","1962","1445",301,"KHUNTI","ST",77619,34328,10772,5,1,"M","JP",17138,"PHULCHAND KACHCHHAP","H",0.442262848014017,0.313796317874621  
"Bihar","1962","1450",302,"TORPA","ST",67951,36071,18947,3,1,"M","JP",24747,"SAMUEL MUNDA","H",0.530838398257568,0.525269607163649  
"Bihar","1962","1453",303,"KOLEBIRA","ST",61423,35294,17464,4,1,"M","JP",22439,"SUSHIL BAGE","H",0.574605603764062,0.494814982716609  
"Bihar","1962","1457",304,"SIMDEGA","ST",62696,35566,9418,6,1,"M","JP",16731,"SIMON ORAON","H",0.567277019267577,0.264803463982455  
"Bihar","1962","1463",305,"CHAINPUR (ST)","ST",76690,36275,6629,5,1,"M","SWA",15551,"MICHAEL","H",0.47300821489112,0.182742935906272  
"Bihar","1962","1468",306,"GUMLA","ST",74760,33605,4227,6,1,"M","JP",12555,"PUNAI ORAON","H",0.449505082932049,0.125784853444428  
"Bihar","1962","1474",307,"SISAI","ST",60444,21929,2507,3,1,"M","SWA",9066,"SITARAM BHAGAT","H",0.362798623519291,0.114323498563546  
"Bihar","1962","1477",308,"LOHARDAGA","ST",80463,37177,2163,4,1,"M","SWA",14400,"SUSHIL BAKHLA","H",0.462038452456409,0.0581811334965167  
"Bihar","1962","1481",309,"BERO","ST",61923,24844,1742,4,1,"M","JP",8436,"PAUL DAYAL","H",0.401207951811120,0.0701175334084689  
"Bihar","1962","1485",310,"MANDAR","GEN",58922,24069,973,5,1,"M","INC",8282,"MOHAMMAD ZAHOOR ALI","M",0.408489189097451,0.0404254435165566  
"Bihar","1962","1490",311,"LATEHAR","ST",55655,15555,4933,6,1,"M","SWA",7353,"JOHN BARCHMANAS MUNJANI","C",0.279489713412991,0.317132754741241  
"Bihar","1962","1496",312,"PANKI","GEN",50595,16271,8825,5,1,"M","SWA",10825,"LAL JAGDHATRI NATH SAHDEO","H",0.321593042790790,0.54237600639174  
"Bihar","1962","1501",313,"DALTONGANJ","GEN",65527,28026,2243,6,1,"M","SWA",9939,"SACHCHIDANAND TRIPATHY","H",0.427701558136341,0.0800328266609577  
"Bihar","1962","1507",314,"GARHWA","GEN",67679,26537,11867,3,1,"M","SWA",17655,"GOPINATH PRASAD SINGH","H",0.392100947118013,0.44718694652749  
"Bihar","1962","1510",315,"BHAWANATHPUR","GEN",60629,23912,11199,6,1,"M","SWA",15671,"SHANKER PRATAP DEO","H",0.394398720084448,0.468342254934761  
"Bihar","1962","1516",316,"HUSSAINABAD","SC",55325,18651,602,4,1,"M","INC",8186,"RAMDENI RAM","H",0.337117035698147,0.0322770897002842  
"Bihar","1962","1520",317,"BISHRAMPUR","GEN",71906,25117,7850,4,1,"M","SWA",14347,"KRISHNA MURARI SINGH","H",0.349303257030011,0.312537325317514  
"Bihar","1962","1524",318,"LESLIEGANJ","SC",65041,24235,8192,6,1,"M","SWA",13003,"RAM KRISHNA RAM","H",0.372611122215218,0.338023519702909  
