Type of election,Year,State,Constituency no,Constituency name,Constituency type,Position,Candidate name,Party/Alliance,Vote percent
Lok Sabha,2014,ANDAMAN & NICOBAR ISLANDS,213,ANDAMAN & NICOBAR ISLANDS,GEN,1,BISHNU PADA RAY,BJP,48
Lok Sabha,2014,ANDHRA PRADESH,433,KARIMNAGAR,GEN,3,CHENNAMANENI VIDYA SAGAR RAO,BJP,19
Lok Sabha,2014,ANDHRA PRADESH,436,NIZAMABAD,GEN,3,ENDALA LAKSHMINARAYANA,BJP,22
Lok Sabha,2014,ANDHRA PRADESH,422,MEDAK,GEN,3,NARENDRANATH CHAGANLA,BJP,15
Lok Sabha,2014,ANDHRA PRADESH,407,SECUNDERABAD,GEN,1,BANDARU DATTATREYA,BJP,44
Lok Sabha,2014,ANDHRA PRADESH,406,HYDERABAD,GEN,2,DR.BHAGAVANTH RAO,BJP,32
Lok Sabha,2014,ANDHRA PRADESH,402,MAHBUBNAGAR,GEN,3,DR. JANARDHAN REDDY NAGAM,BJP,27
Lok Sabha,2014,ANDHRA PRADESH,418,BHONGIR,GEN,3,N. INDRASENA REDDY,BJP,15
Lok Sabha,2014,ANDHRA PRADESH,424,WARANGAL,SC,3,PARAMESHWAR RAMAGALLA,BJP,16
Lok Sabha,2014,ANDHRA PRADESH,420,VISAKHAPATNAM,GEN,1,DR. KAMBHAMPATI HARI BABU,BJP,49
Lok Sabha,2014,ANDHRA PRADESH,397,NARSAPURAM,GEN,1,GOKARAJU GANGA RAJU,BJP,50
Lok Sabha,2014,ANDHRA PRADESH,371,TIRUPATI,SC,2,JAYARAM KARUMANCHI,BJP,45
Lok Sabha,2014,ANDHRA PRADESH,370,RAJAMPET,GEN,2,DAGGUBATI PURANDESWARI,BJP,37
Lok Sabha,2014,ARUNACHAL PRADESH,779,ARUNACHAL WEST,GEN,1,KIREN RIJIJU,BJP,50
Lok Sabha,2014,ARUNACHAL PRADESH,787,ARUNACHAL EAST,GEN,2,TAPIR GAO,BJP,41
Lok Sabha,2014,ASSAM,602,KARIMGANJ,SC,2,KRISHNA DAS,BJP,29
Lok Sabha,2014,ASSAM,608,SILCHAR,GEN,2,KABINDRA PURKAYASTHA,BJP,38
Lok Sabha,2014,ASSAM,685,AUTONOMOUS DISTRICT,ST,2,JOY RAM ENGLENG,BJP,35
Lok Sabha,2014,ASSAM,670,DHUBRI,GEN,3,DR. DEBOMOY SANYAL,BJP,22
Lok Sabha,2014,ASSAM,686,BARPETA,GEN,2,SHRI CHANDRA MOHAN PATOWARI,BJP,29
Lok Sabha,2014,ASSAM,674,GAUHATI,GEN,1,BIJOYA CHAKRAVARTY,BJP,51
Lok Sabha,2014,ASSAM,704,MANGALDOI,GEN,1,RAMEN DEKA,BJP,39
Lok Sabha,2014,ASSAM,715,TEZPUR,GEN,1,RAM PRASAD SHARMA,BJP,46
Lok Sabha,2014,ASSAM,679,NOWGONG,GEN,1,RAJEN GOHAIN,BJP,40
Lok Sabha,2014,ASSAM,697,KALIABOR,GEN,2,MRINAL KUMAR SAIKIA,BJP,30
Lok Sabha,2014,ASSAM,722,JORHAT,GEN,1,KAMAKHYA PRASAD TASA,BJP,49
Lok Sabha,2014,ASSAM,737,DIBRUGARH,GEN,1,RAMESHWAR TELI,BJP,55
Lok Sabha,2014,ASSAM,747,LAKHIMPUR,GEN,1,SARBANANDA SONOWAL,BJP,55
Lok Sabha,2014,BIHAR,688,GOPALGANJ,SC,1,JANAK RAM,BJP,53
Lok Sabha,2014,BIHAR,669,SIWAN,GEN,1,OM PRAKASH YADAV,BJP,43
Lok Sabha,2014,BIHAR,729,MAHARAJGANJ,GEN,1,JANARDHAN SINGH SIGRIWAL,BJP,38
Lok Sabha,2014,BIHAR,656,SARAN,GEN,1,RAJIV PRATAP RUDY,BJP,41
Lok Sabha,2014,BIHAR,640,ARRAH,GEN,1,RAJ KUMAR SINGH,BJP,44
Lok Sabha,2014,BIHAR,639,BUXAR,GEN,1,ASHWINI KUMAR CHOUBEY,BJP,36
Lok Sabha,2014,BIHAR,619,SASARAM,SC,1,CHHEDI PASWAN,BJP,43
Lok Sabha,2014,BIHAR,606,AURANGABAD,GEN,1,SUSHIL KUMAR SINGH,BJP,39
Lok Sabha,2014,BIHAR,605,GAYA,SC,1,HARI MANJHI,BJP,40
Lok Sabha,2014,BIHAR,616,NAWADA,GEN,1,GIRIRAJ SINGH,BJP,44
Lok Sabha,2014,BIHAR,735,VALMIKI NAGAR,GEN,1,SATISH DUBEY,BJP,40
Lok Sabha,2014,BIHAR,711,PASCHIM CHAMPARAN,GEN,1,DR. SANJAY JAISWAL,BJP,43
Lok Sabha,2014,BIHAR,696,PURVI CHAMPARAN,GEN,1,RADHA MOHAN SINGH,BJP,49
Lok Sabha,2014,BIHAR,173,SHEOHAR,GEN,1,RAMA DEVI,BJP,44
Lok Sabha,2014,BIHAR,689,MADHUBANI,GEN,1,HUKUM DEO NARAYAN YADAV,BJP,42
Lok Sabha,2014,BIHAR,691,JHANJHARPUR,GEN,1,BIRENDRA KUMAR CHAUDHARY,BJP,36
Lok Sabha,2014,BIHAR,664,DARBHANGA,GEN,1,KIRTI AZAD,BJP,38
Lok Sabha,2014,BIHAR,671,MUZAFFARPUR,GEN,1,AJAY NISHAD,BJP,49
Lok Sabha,2014,BIHAR,649,UJIARPUR,GEN,1,NITYANAND RAI,BJP,37
Lok Sabha,2014,BIHAR,682,SUPAUL,GEN,3,KAMESHWAR CHAUPAL,BJP,26
Lok Sabha,2014,BIHAR,683,ARARIA,GEN,2,PRADEEP KUMAR SINGH,BJP,27
Lok Sabha,2014,BIHAR,681,KISHANGANJ,GEN,2,DR DILIP KUMAR JAISWAL,BJP,32
Lok Sabha,2014,BIHAR,647,KATIHAR,GEN,2,NIKHIL KUMAR CHOUDHARY,BJP,32
Lok Sabha,2014,BIHAR,654,PURNIA,GEN,2,UDAY SINGH URF PAPPU SINGH,BJP,30
Lok Sabha,2014,BIHAR,659,MADHEPURA,GEN,3,VIJAY KUMAR SINGH,BJP,24
Lok Sabha,2014,BIHAR,642,BEGUSARAI,GEN,1,BHOLA SINGH,BJP,40
Lok Sabha,2014,BIHAR,625,BHAGALPUR,GEN,2,SYED SHAHNAWAZ HUSSAIN,BJP,37
Lok Sabha,2014,BIHAR,618,BANKA,GEN,2,PUTUL KUMARI,BJP,31
Lok Sabha,2014,BIHAR,633,PATNA SAHIB,GEN,1,SHATRUGHAN SINHA,BJP,55
Lok Sabha,2014,BIHAR,638,PATALIPUTRA,GEN,1,RAM KRIPAL YADAV,BJP,39
Lok Sabha,2014,CHANDIGARH,805,CHANDIGARH,GEN,1,KIRRON KHER,BJP,42
Lok Sabha,2014,CHHATTISGARH,579,SURGUJA,ST,1,KAMALBHAN SINGH MARABI,BJP,49
Lok Sabha,2014,CHHATTISGARH,549,RAIGARH,ST,1,VISHNU DEO SAI,BJP,53
Lok Sabha,2014,CHHATTISGARH,509,JANJGIR-CHAMPA,SC,1,KAMLA PATLE,BJP,48
Lok Sabha,2014,CHHATTISGARH,574,KORBA,GEN,1,DR. BANSHILAL MAHATO,BJP,42
Lok Sabha,2014,CHHATTISGARH,527,BILASPUR,GEN,1,LAKHANLAL SAHU S/O KALYAN LAL SAHU,BJP,52
Lok Sabha,2014,CHHATTISGARH,513,RAJNANDGAON,GEN,1,ABHISHEK SINGH,BJP,55
Lok Sabha,2014,CHHATTISGARH,500,DURG,GEN,2,SUSHREE SAROJ PANDEY,BJP,44
Lok Sabha,2014,CHHATTISGARH,498,RAIPUR,GEN,1,RAMESH BAIS,BJP,53
Lok Sabha,2014,CHHATTISGARH,490,MAHASAMUND,GEN,1,CHANDU LAL SAHU ALIAS CHANDU BHAIYA S/O LATE PUNEEN RAM,BJP,46
Lok Sabha,2014,CHHATTISGARH,456,BASTAR,ST,1,DINESH KASHYAP,BJP,50
Lok Sabha,2014,CHHATTISGARH,476,KANKER,ST,1,VIKRAM USENDI,BJP,46
Lok Sabha,2014,DADRA & NAGAR HAVELI,465,DADRA & NAGAR HAVELI,ST,1,NATUBHAI G. PATEL,BJP,49
Lok Sabha,2014,DAMAN & DIU,170,DAMAN & DIU,GEN,1,PATEL LALUBHAI BABUBHAI,BJP,54
Lok Sabha,2014,GOA,382,NORTH GOA,GEN,1,SHRIPAD YESSO NAIK,BJP,59
Lok Sabha,2014,GOA,380,SOUTH GOA,GEN,1,ADV. NARENDRA KESHAV SAWAIKAR,BJP,48
Lok Sabha,2014,GUJARAT,161,KACHCHH,SC,1,CHAVDA VINOD LAKHMASHI,BJP,59
Lok Sabha,2014,GUJARAT,599,BANASKANTHA,GEN,1,CHAUDHARY HARIBHAI PARTHIBHAI,BJP,57
Lok Sabha,2014,GUJARAT,584,PATAN,GEN,1,LILADHARBHAI KHODAJI VAGHELA,BJP,54
Lok Sabha,2014,GUJARAT,571,MAHESANA,GEN,1,PATEL JAYSHREEBEN KANUBHAI,BJP,58
Lok Sabha,2014,GUJARAT,587,SABARKANTHA,GEN,1,DIPSINH SHANKARSINH RATHOD,BJP,50
Lok Sabha,2014,GUJARAT,554,GANDHINAGAR,GEN,1,LAL KRISHNA ADVANI,BJP,68
Lok Sabha,2014,GUJARAT,555,AHMEDABAD EAST,GEN,1,PARESH DAHYALAL RAWAL,BJP,64
Lok Sabha,2014,GUJARAT,543,AHMEDABAD WEST,SC,1,DR. SOLANKI KIRITBHAI PREMJIBHAI,BJP,64
Lok Sabha,2014,GUJARAT,559,SURENDRANAGAR,GEN,1,FATEPARA DEVAJIBHAI GOVINDBHAI,BJP,56
Lok Sabha,2014,GUJARAT,539,RAJKOT,GEN,1,MOHANBHAI KALYANJIBHAI KUNDARIYA,BJP,59
Lok Sabha,2014,GUJARAT,504,PORBANDAR,GEN,1,VITTHALBHAI HANSRAJBHAI RADADIYA,BJP,63
Lok Sabha,2014,GUJARAT,538,JAMNAGAR,GEN,1,MADAM POONAMBEN HEMATBHAI,BJP,57
Lok Sabha,2014,GUJARAT,495,JUNAGADH,GEN,1,CHUDASAMA RAJESHBHAI NARANBHAI,BJP,55
Lok Sabha,2014,GUJARAT,503,AMRELI,GEN,1,KACHHADIA NARANBHAI BHIKHABHAI,BJP,54
Lok Sabha,2014,GUJARAT,510,BHAVNAGAR,GEN,1,DR. BHARTIBEN DHIRUBHAI SHIYAL,BJP,60
Lok Sabha,2014,GUJARAT,526,ANAND,GEN,1,PATEL DILIPBHAI MANIBHAI,BJP,51
Lok Sabha,2014,GUJARAT,547,KHEDA,GEN,1,CHAUHAN DEVUSINH JESINGBHAI,BJP,60
Lok Sabha,2014,GUJARAT,557,PANCHMAHAL,GEN,1,CHAUHAN PRABHATSINH PRATAPSINH,BJP,54
Lok Sabha,2014,GUJARAT,556,DAHOD,ST,1,BHABHOR JASVANTSINH SUMANBHAI,BJP,57
Lok Sabha,2014,GUJARAT,532,VADODARA,GEN,1,NARENDRA MODI,BJP,73
Lok Sabha,2014,GUJARAT,520,CHHOTA UDAIPUR,ST,1,RATHWA RAMSINGBHAI PATALBHAI,BJP,55
Lok Sabha,2014,GUJARAT,508,BHARUCH,GEN,1,MANSUKHBHAI DHANJIBHAI VASAVA,BJP,52
Lok Sabha,2014,GUJARAT,491,BARDOLI,ST,1,PARBHUBHAI NAGARBHAI VASAVA,BJP,52
Lok Sabha,2014,GUJARAT,488,SURAT,GEN,1,JARDOSH DARSHNABEN VIKRAMBHAI,BJP,76
Lok Sabha,2014,GUJARAT,481,NAVSARI,GEN,1,CHANDRAKANT RAGHUNATH PATIL,BJP,71
Lok Sabha,2014,GUJARAT,166,VALSAD,ST,1,DR. K.C. PATEL,BJP,55
Lok Sabha,2014,HARYANA,806,AMBALA,SC,1,RATTAN LAL KATARIA,BJP,50
Lok Sabha,2014,HARYANA,798,KURUKSHETRA,GEN,1,RAJKUMAR SAINI,BJP,37
Lok Sabha,2014,HARYANA,796,KARNAL,GEN,1,ASHWINI KUMAR,BJP,50
Lok Sabha,2014,HARYANA,788,SONIPAT,GEN,1,RAMESH KAUSHIK,BJP,35
Lok Sabha,2014,HARYANA,782,ROHTAK,GEN,2,OM PRAKASH DHANKHAD,BJP,31
Lok Sabha,2014,HARYANA,778,BHIWANI-MAHENDRAGARH,GEN,1,DHARAMBIR,BJP,39
Lok Sabha,2014,HARYANA,762,GURGAON,GEN,1,INDERJIT SINGH,BJP,49
Lok Sabha,2014,HARYANA,759,FARIDABAD,GEN,1,KRISHAN PAL,BJP,58
Lok Sabha,2014,HIMACHAL PRADESH,821,KANGRA,GEN,1,SHANTA KUMAR,BJP,57
Lok Sabha,2014,HIMACHAL PRADESH,822,MANDI,GEN,1,RAM SWAROOP SHARMA,BJP,50
Lok Sabha,2014,HIMACHAL PRADESH,819,HAMIRPUR,GEN,1,ANURAG SINGH THAKUR,BJP,54
Lok Sabha,2014,HIMACHAL PRADESH,813,SHIMLA,SC,1,VIRENDER KASHYAP,BJP,52
Lok Sabha,2014,JAMMU & KASHMIR,823,JAMMU,GEN,1,JUGAL KISHORE SHARMA,BJP,49
Lok Sabha,2014,JAMMU & KASHMIR,824,UDHAMPUR,GEN,1,DR. JITENDRA SINGH,BJP,47
Lok Sabha,2014,JAMMU & KASHMIR,825,ANANTNAG,GEN,5,MUSHTAQ AHMAD MALIK,BJP,1
Lok Sabha,2014,JAMMU & KASHMIR,826,SRINAGAR,GEN,5,FAYAZ AHMAD BHAT,BJP,1
Lok Sabha,2014,JAMMU & KASHMIR,827,BARAMULLA,GEN,6,GHULAM MOHAMMAD MIR,BJP,1
Lok Sabha,2014,JAMMU & KASHMIR,177,LADAKH,GEN,1,THUPSTAN CHHEWANG,BJP,26
Lok Sabha,2014,JHARKHAND,590,CHATRA,GEN,1,SUNIL KUMAR SINGH,BJP,41
Lok Sabha,2014,JHARKHAND,601,KODARMA,GEN,1,RAVINDRA KUMAR RAY,BJP,36
Lok Sabha,2014,JHARKHAND,552,KHUNTI,ST,1,KARIYA MUNDA,BJP,37
Lok Sabha,2014,JHARKHAND,564,LOHARDAGA,ST,1,SUDARSHAN BHAGAT,BJP,35
Lok Sabha,2014,JHARKHAND,596,PALAMAU,SC,1,VISHNU DAYAL RAM,BJP,49
Lok Sabha,2014,JHARKHAND,591,HAZARIBAGH,GEN,1,JAYANT SINHA,BJP,42
Lok Sabha,2014,JHARKHAND,621,RAJMAHAL,ST,2,HEMLAL MURMU,BJP,36
Lok Sabha,2014,JHARKHAND,593,DUMKA,ST,2,SUNIL SOREN,BJP,33
Lok Sabha,2014,JHARKHAND,611,GODDA,GEN,1,NISHIKANT DUBEY,BJP,36
Lok Sabha,2014,JHARKHAND,583,GIRIDIH,GEN,1,RAVINDRA KUMAR PANDEY,BJP,40
Lok Sabha,2014,JHARKHAND,576,DHANBAD,GEN,1,PASHUPATI NATH SINGH,BJP,48
Lok Sabha,2014,JHARKHAND,567,RANCHI,GEN,1,RAM TAHAL CHOUDHARY,BJP,43
Lok Sabha,2014,JHARKHAND,541,JAMSHEDPUR,GEN,1,BIDYUT BARAN MAHATO,BJP,44
Lok Sabha,2014,JHARKHAND,536,SINGHBHUM,ST,1,LAXMAN GILUA,BJP,38
Lok Sabha,2014,KARNATAKA,398,CHIKKODI,GEN,2,RAMESH VISHWANATH KATTI,BJP,44
Lok Sabha,2014,KARNATAKA,390,BELGAUM,GEN,1,SURESH ANGADI,BJP,51
Lok Sabha,2014,KARNATAKA,408,BIJAPUR,SC,1,RAMESH JIGAJINAGI,BJP,49
Lok Sabha,2014,KARNATAKA,414,GULBARGA,SC,2,REVASING LOKU,BJP,43
Lok Sabha,2014,KARNATAKA,396,RAICHUR,ST,2,ARAKERA SHIVANAGOUDA NAYAK,BJP,46
Lok Sabha,2014,KARNATAKA,423,BIDAR,GEN,1,BHAGWANT MANN,BJP,48
Lok Sabha,2014,KARNATAKA,387,KOPPAL,GEN,1,SANGANNA A. KARADI,BJP,48
Lok Sabha,2014,KARNATAKA,379,BELLARY,ST,1,B. SREERAMULU,BJP,51
Lok Sabha,2014,KARNATAKA,385,UTTARA KANNADA,GEN,1,ANANTH KUMAR HEGDE,BJP,55
Lok Sabha,2014,KARNATAKA,375,CHITRADURGA,SC,2,JANARDHANA SWAMY,BJP,33
Lok Sabha,2014,KARNATAKA,368,TUMKUR,GEN,2,G.S.BASAVARAJ,BJP,32
Lok Sabha,2014,KARNATAKA,360,BANGALORE RURAL,GEN,2,P. MUNIRAJU,BJP,29
Lok Sabha,2014,KARNATAKA,160,BANGALORE NORTH,GEN,1,D.V. SADANANDA GOWDA,BJP,53
Lok Sabha,2014,KARNATAKA,357,BANGALORE CENTRAL,GEN,1,P.C. MOHAN,BJP,52
Lok Sabha,2014,KARNATAKA,352,BANGALORE SOUTH,GEN,1,ANANTH KUMAR,BJP,57
Lok Sabha,2014,KARNATAKA,369,CHIKKBALLAPUR,GEN,2,B.N. BACHHEGOUDA,BJP,33
Lok Sabha,2014,KARNATAKA,364,KOLAR,SC,3,EM. NARAYANASWAMY,BJP,24
Lok Sabha,2014,KARNATAKA,393,BAGALKOT,GEN,1,P.C. GADDIGOUDAR,BJP,53
Lok Sabha,2014,KARNATAKA,383,HAVERI,GEN,1,UDASI SHIVAKUMAR CHANNABASAPPA,BJP,51
Lok Sabha,2014,KARNATAKA,381,DHARWAD,GEN,1,PRALHAD JOSHI,BJP,52
Lok Sabha,2014,KARNATAKA,374,DAVANAGERE,GEN,1,G.M. SIDDESWARA,BJP,47
Lok Sabha,2014,KARNATAKA,372,SHIMOGA,GEN,1,B.S. YEDDYURAPPA,BJP,54
Lok Sabha,2014,KARNATAKA,367,UDUPI CHIKMAGALUR,GEN,1,SHOBHA KARANDLAJE,BJP,56
Lok Sabha,2014,KARNATAKA,365,HASSAN,GEN,3,C.H. VIJAYASHANKAR,BJP,14
Lok Sabha,2014,KARNATAKA,359,DAKSHINA KANNADA,GEN,1,NALIN KUMAR KATEEL,BJP,53
Lok Sabha,2014,KARNATAKA,353,MANDYA,GEN,3,SHIVALINGAIAH,BJP,7
Lok Sabha,2014,KARNATAKA,348,MYSORE,GEN,1,PRATHAP SIMHA,BJP,43
Lok Sabha,2014,KARNATAKA,345,CHAMARAJANAGAR,SC,2,A.R. KRISHNA MURTHY,BJP,38
Lok Sabha,2014,KERALA,154,KASARAGOD,GEN,3,K. SURENDRAN,BJP,18
Lok Sabha,2014,KERALA,343,KANNUR,GEN,3,P C MOHANAN MASTER,BJP,5
Lok Sabha,2014,KERALA,340,VADAKARA,GEN,3,V.K. SAJEEVA,BJP,8
Lok Sabha,2014,KERALA,338,WAYANAD,GEN,3,P R RASMILNATH,BJP,9
Lok Sabha,2014,KERALA,335,KOZHIKODE,GEN,3,PADMANABHAN .C.K.,BJP,12
Lok Sabha,2014,KERALA,330,MALAPPURAM,GEN,3,ADV. N.SREEPRAKASH,BJP,8
Lok Sabha,2014,KERALA,329,PONNANI,GEN,3,K.NARAYANAN MASTER,BJP,9
Lok Sabha,2014,KERALA,326,PALAKKAD,GEN,3,SMT. SHOBHA SURENDRAN,BJP,15
Lok Sabha,2014,KERALA,321,ALATHUR,SC,3,SHAJUMON VATTEKAD,BJP,9
Lok Sabha,2014,KERALA,319,THRISSUR,GEN,3,K.P. SREESAN,BJP,11
Lok Sabha,2014,KERALA,317,CHALAKUDY,GEN,3,B. GOPALAKRISHNAN,BJP,11
Lok Sabha,2014,KERALA,316,ERNAKULAM,GEN,3,A.N. RADHAKRISHNAN,BJP,12
Lok Sabha,2014,KERALA,312,IDUKKI,GEN,3,SABU VARGHESE,BJP,6
Lok Sabha,2014,KERALA,308,MAVELIKKARA,SC,3,ADV.P. SUDHEER,BJP,9
Lok Sabha,2014,KERALA,306,PATHANAMTHITTA,GEN,3,M.T. RAMESH,BJP,16
Lok Sabha,2014,KERALA,304,KOLLAM,GEN,3,P.M. VELAYUDHAN,BJP,7
Lok Sabha,2014,KERALA,302,ATTINGAL,GEN,3,GIRIJA KUMARY,BJP,11
Lok Sabha,2014,KERALA,301,THIRUVANANTHAPURAM,GEN,2,O RAJAGOPAL,BJP,32
Lok Sabha,2014,LAKSHADWEEP,135,LAKSHADWEEP,ST,5,M.P. SAYED MOHAMMAD KOYA,BJP,0
Lok Sabha,2014,MADHYA PRADESH,133,KHAJURAHO,GEN,1,NAGENDRA SINGH,BJP,55
Lok Sabha,2014,MADHYA PRADESH,609,SATNA,GEN,1,GANESH SINGH,BJP,41
Lok Sabha,2014,MADHYA PRADESH,610,REWA,GEN,1,JANARDAN MISRA,BJP,46
Lok Sabha,2014,MADHYA PRADESH,598,SIDHI,GEN,1,RITI PATHAK,BJP,48
Lok Sabha,2014,MADHYA PRADESH,578,SHAHDOL,ST,1,DALPAT SINGH PARASTE,BJP,54
Lok Sabha,2014,MADHYA PRADESH,562,JABALPUR,GEN,1,RAKESH SINGH ALIAS GHANSHYAM SINGH,BJP,56
Lok Sabha,2014,MADHYA PRADESH,553,MANDLA,ST,1,FAGGAN SINGH KULASTE,BJP,48
Lok Sabha,2014,MADHYA PRADESH,515,BALAGHAT,GEN,1,BODH SINGH BHAGAT,BJP,44
Lok Sabha,2014,MADHYA PRADESH,533,CHHINDWARA,GEN,2,CHANDRABHAN SINGH CHOUDHARY,BJP,40
Lok Sabha,2014,MADHYA PRADESH,551,HOSHANGABAD,GEN,1,UDAY PRATAP SINGH,BJP,65
Lok Sabha,2014,MADHYA PRADESH,572,VIDISHA,GEN,1,SUSHMA SWARAJ,BJP,67
Lok Sabha,2014,MADHYA PRADESH,570,BHOPAL,GEN,1,ALOK SANJAR,BJP,63
Lok Sabha,2014,MADHYA PRADESH,519,BETUL,ST,1,JYOTI DHURVE,BJP,61
Lok Sabha,2014,MADHYA PRADESH,698,MORENA,GEN,1,ANOOP MISHRA,BJP,44
Lok Sabha,2014,MADHYA PRADESH,695,BHIND,SC,1,BHAGIRAT PRASAD,BJP,55
Lok Sabha,2014,MADHYA PRADESH,668,GWALIOR,GEN,1,NARENDRA SIGH TOMAR,BJP,45
Lok Sabha,2014,MADHYA PRADESH,626,GUNA,GEN,2,JAIBHANSINGH PAWAIYA,BJP,41
Lok Sabha,2014,MADHYA PRADESH,586,SAGAR,GEN,1,LAXMI NARAYAN YADAV,BJP,54
Lok Sabha,2014,MADHYA PRADESH,630,TIKAMGARH,SC,1,DR. VIRENDRA KUMAR,BJP,55
Lok Sabha,2014,MADHYA PRADESH,600,DAMOH,GEN,1,PRAHLAD SINGH PATEL,BJP,56
Lok Sabha,2014,MADHYA PRADESH,594,RAJGARH,GEN,1,RODMAL NAGAR,BJP,59
Lok Sabha,2014,MADHYA PRADESH,575,DEWAS,SC,1,MANOHAR UNTWAL,BJP,58
Lok Sabha,2014,MADHYA PRADESH,573,UJJAIN,SC,1,CHINTAMANI MALVIYA,BJP,63
Lok Sabha,2014,MADHYA PRADESH,603,MANDSOUR,GEN,1,SUDHIR GUPTA,BJP,60
Lok Sabha,2014,MADHYA PRADESH,561,RATLAM,ST,1,DILEEP SINGH BHURIA,BJP,50
Lok Sabha,2014,MADHYA PRADESH,545,DHAR,ST,1,SAVITRI THAKUR,BJP,52
Lok Sabha,2014,MADHYA PRADESH,544,INDORE,GEN,1,SUMITRA MAHAJAN,BJP,65
Lok Sabha,2014,MADHYA PRADESH,511,KHARGONE,ST,1,SUBHASH PATEL,BJP,56
Lok Sabha,2014,MADHYA PRADESH,529,KHANDWA,GEN,1,NANDKUMAR SINGH CHOUHAN,BJP,57
Lok Sabha,2014,MAHARASHTRA,483,AKOLA,GEN,1,DHOTRE SANJAY SHAMRAO,BJP,47
Lok Sabha,2014,MAHARASHTRA,492,WARDHA,GEN,1,RAMDAS CHANDRABHANJI TADAS,BJP,53
Lok Sabha,2014,MAHARASHTRA,480,NAGPUR,GEN,1,NITIN JAIRAM GADKARI,BJP,54
Lok Sabha,2014,MAHARASHTRA,493,BHANDARA-GONDIYA,GEN,1,NANABHAU FALGUNRAO PATOLE,BJP,51
Lok Sabha,2014,MAHARASHTRA,489,GADCHIROLI-CHIMUR,ST,1,ASHOK MAHADEORAO NETE,BJP,52
Lok Sabha,2014,MAHARASHTRA,468,CHANDRAPUR,GEN,1,AHIR HANSARAJ GANGARAM,BJP,46
Lok Sabha,2014,MAHARASHTRA,448,NANDED,GEN,2,DIGAMBAR BAPUJI (PATIL) PAWAR,BJP,41
Lok Sabha,2014,MAHARASHTRA,501,NANDURBAR,ST,1,DR. GAVIT HEENA VAIJAYKUMAR,BJP,52
Lok Sabha,2014,MAHARASHTRA,486,DHULE,GEN,1,SUBHASH RAMRAO BHAMRE,BJP,54
Lok Sabha,2014,MAHARASHTRA,482,JALGAON,GEN,1,ASHOK TAPIRAM PATIL,BJP,65
Lok Sabha,2014,MAHARASHTRA,485,RAVER,GEN,1,KHADASE RAKSHA NIKHIL,BJP,60
Lok Sabha,2014,MAHARASHTRA,470,JALNA,GEN,1,DANVE RAOSAHEB DADARAO PATIL,BJP,55
Lok Sabha,2014,MAHARASHTRA,473,DINDORI,ST,1,CHAVAN HARISHCHANDRA DEORAM,BJP,56
Lok Sabha,2014,MAHARASHTRA,426,PUNE,GEN,1,ANIL SHIROLE,BJP,57
Lok Sabha,2014,MAHARASHTRA,451,AHMEDNAGAR,GEN,1,GANDHI DILIPKUMAR MANSUKHLAL,BJP,57
Lok Sabha,2014,MAHARASHTRA,450,BEED,GEN,1,MUNDE GOPINATHRAO PANDURANG,BJP,52
Lok Sabha,2014,MAHARASHTRA,438,LATUR,SC,1,GAIKWAD SUNIL BALIRAM,BJP,58
Lok Sabha,2014,MAHARASHTRA,417,SOLAPUR,SC,1,SHARADKUMAR MARUTI BANSODE,BJP,54
Lok Sabha,2014,MAHARASHTRA,412,SANGLI,GEN,1,SANJAYKAKA PATIL,BJP,58
Lok Sabha,2014,MAHARASHTRA,464,PALGHAR,ST,1,WANAGA CHINTAMAN NAVASHA,BJP,54
Lok Sabha,2014,MAHARASHTRA,453,BHIWANDI,GEN,1,KAPIL MORESHWAR PATIL,BJP,47
Lok Sabha,2014,MAHARASHTRA,444,MUMBAI NORTH,GEN,1,GOPAL CHINAYYA SHETTY,BJP,70
Lok Sabha,2014,MAHARASHTRA,443,MUMBAI NORTH EAST,GEN,1,KIRIT SOMAIYA,BJP,61
Lok Sabha,2014,MAHARASHTRA,437,MUMBAI NORTH CENTRAL,GEN,1,POONAM MAHAJAN ALIAS POONAM VAJENDLA RAO,BJP,57
Lok Sabha,2014,MANIPUR,635,OUTER MANIPUR,ST,3,GANGMUMEI KAMEI,BJP,10
Lok Sabha,2014,MANIPUR,604,INNER MANIPUR,GEN,3,RAJKUMAR RANJAN SINGH,BJP,14
Lok Sabha,2014,MEGHALAYA,658,SHILLONG,ST,4,SHIBUN LYNGDOH,BJP,15
Lok Sabha,2014,NATIONAL CAPITAL TERRITORY OF DELHI,771,CHANDNI CHOWK,GEN,1,DR. HARSH VARDHAN,BJP,45
Lok Sabha,2014,NATIONAL CAPITAL TERRITORY OF DELHI,168,NORTH EAST DELHI,GEN,1,MANOJ TIWARI,BJP,45
Lok Sabha,2014,NATIONAL CAPITAL TERRITORY OF DELHI,768,EAST DELHI,GEN,1,MAHESH GIRI,BJP,48
Lok Sabha,2014,NATIONAL CAPITAL TERRITORY OF DELHI,766,NEW DELHI,GEN,1,MEENAKSHI LEKHI,BJP,47
Lok Sabha,2014,NATIONAL CAPITAL TERRITORY OF DELHI,775,NORTH WEST DELHI,SC,1,UDIT RAJ,BJP,46
Lok Sabha,2014,NATIONAL CAPITAL TERRITORY OF DELHI,767,WEST DELHI,GEN,1,PARVESH SAHIB SINGH,BJP,49
Lok Sabha,2014,NATIONAL CAPITAL TERRITORY OF DELHI,764,SOUTH DELHI,GEN,1,RAMESH BIDHURI,BJP,45
Lok Sabha,2014,ORISSA,502,BARGARH,GEN,2,SUBASH CHOUHAN,BJP,33
Lok Sabha,2014,ORISSA,514,SUNDARGARH,ST,1,JUAL ORAM,BJP,34
Lok Sabha,2014,ORISSA,507,SAMBALPUR,GEN,2,SURESH PUJARI,BJP,33
Lok Sabha,2014,ORISSA,479,BOLANGIR,GEN,2,SANGEETA KUMARI SINGH DEO,BJP,30
Lok Sabha,2014,ORISSA,477,KALAHANDI,GEN,2,PRADIPTA KUMAR NAIK,BJP,28
Lok Sabha,2014,ORISSA,461,NABARANGPUR,ST,3,PARSURAM MAJHI,BJP,14
Lok Sabha,2014,ORISSA,475,KANDHAMAL,GEN,3,SUKANTA KUMAR PANIGRAHI,BJP,13
Lok Sabha,2014,ORISSA,457,ASKA,GEN,3,MAHESH CHANDRA MOHANTY,BJP,8
Lok Sabha,2014,ORISSA,452,BERHAMPUR,GEN,3,RAMA CHANDRA PANDA,BJP,18
Lok Sabha,2014,ORISSA,458,KORAPUT,ST,3,SIBASANKAR ULAKA,BJP,9
Lok Sabha,2014,ORISSA,505,KEONJHAR,ST,2,ANANT NAYAK,BJP,26
Lok Sabha,2014,ORISSA,516,MAYURBHANJ,ST,2,DR. NEPOLE RAGHU MURMU,BJP,26
Lok Sabha,2014,ORISSA,499,BALASORE,GEN,2,PRATAP CHANDRA SARANGI,BJP,28
Lok Sabha,2014,ORISSA,487,BHADRAK,SC,3,SARAT DAS,BJP,20
Lok Sabha,2014,ORISSA,478,JAJPUR,SC,3,AMIYA KANTA MALLICK,BJP,15
Lok Sabha,2014,ORISSA,494,DHENKANAL,GEN,2,RUDRANARAYAN PANY,BJP,30
Lok Sabha,2014,ORISSA,471,CUTTACK,GEN,3,SAMIR DEY,BJP,15
Lok Sabha,2014,ORISSA,474,KENDRAPARA,GEN,3,BISHNU PRASAD DAS,BJP,10
Lok Sabha,2014,ORISSA,466,JAGATSINGHPUR,SC,3,BAIDHAR MALLICK,BJP,10
Lok Sabha,2014,ORISSA,463,PURI,GEN,3,ASHOK SAHU,BJP,21
Lok Sabha,2014,ORISSA,467,BHUBANESWAR,GEN,2,PRITHIVIRAJ HARICHANDAN,BJP,28
Lok Sabha,2014,PUNJAB,820,GURDASPUR,GEN,1,VINOD KHANNA,BJP,46
Lok Sabha,2014,PUNJAB,817,AMRITSAR,GEN,2,ARUN JAITLEY,BJP,38
Lok Sabha,2014,PUNJAB,818,HOSHIARPUR,SC,1,VIJAY SAMPLA,BJP,36
Lok Sabha,2014,RAJASTHAN,113,GANGANAGAR,SC,1,NIHALCHAND,BJP,52
Lok Sabha,2014,RAJASTHAN,784,BIKANER,SC,1,ARJUN RAM MEGHWAL,BJP,63
Lok Sabha,2014,RAJASTHAN,786,CHURU,GEN,1,RAHUL KASWAN,BJP,53
Lok Sabha,2014,RAJASTHAN,761,JHUNJHUNU,GEN,1,SANTOSH AHLAWAT,BJP,49
Lok Sabha,2014,RAJASTHAN,744,SIKAR,GEN,1,SWAMI SUMEDHA NAND SARASWATI,BJP,47
Lok Sabha,2014,RAJASTHAN,743,JAIPUR RURAL,GEN,1,RAJYAVARDHAN SINGH RATHORE,BJP,62
Lok Sabha,2014,RAJASTHAN,710,JAIPUR,GEN,1,RAMCHARAN BOHARA,BJP,67
Lok Sabha,2014,RAJASTHAN,755,ALWAR,GEN,1,MAHANT CHAND NATH YOGI,BJP,60
Lok Sabha,2014,RAJASTHAN,741,BHARATPUR,SC,1,BAHADUR SINGH,BJP,60
Lok Sabha,2014,RAJASTHAN,709,KARAULI-DHOLPUR,SC,1,MANOJ RAJORIA,BJP,48
Lok Sabha,2014,RAJASTHAN,733,DAUSA,ST,1,HARISH CHANDRA,BJP,34
Lok Sabha,2014,RAJASTHAN,692,TONK-SAWAI MADHOPUR,GEN,1,SUKHBIR SINGH JANAPURIA,BJP,53
Lok Sabha,2014,RAJASTHAN,707,AJMER,GEN,1,SANWAR LAL JAT,BJP,55
Lok Sabha,2014,RAJASTHAN,738,NAGAUR,GEN,1,C.R. CHOUDHARY,BJP,41
Lok Sabha,2014,RAJASTHAN,705,PALI,GEN,1,P.P. CHOUDHARY,BJP,65
Lok Sabha,2014,RAJASTHAN,746,JODHPUR,GEN,1,GAJENDRA SINGH SHEKHAWAT ,BJP,66
Lok Sabha,2014,RAJASTHAN,751,BARMER,GEN,1,COL. SONARAM CHOUDHARY,BJP,40
Lok Sabha,2014,RAJASTHAN,643,JALORE,GEN,1,DEVJI PATEL,BJP,53
Lok Sabha,2014,RAJASTHAN,607,UDAIPUR,ST,1,ARJUNLAL MEENA,BJP,55
Lok Sabha,2014,RAJASTHAN,577,BANSWARA,ST,1,MANSHANKAR NINAMA,BJP,49
Lok Sabha,2014,RAJASTHAN,116,CHITTORGARH,GEN,1,CHANDRA PRAKASH,BJP,60
Lok Sabha,2014,RAJASTHAN,717,RAJSAMAND,GEN,1,HARI OM SINGH RATHORE,BJP,66
Lok Sabha,2014,RAJASTHAN,653,BHILWARA,GEN,1,SUBHASH CHANDRA BAHERIYA,BJP,57
Lok Sabha,2014,RAJASTHAN,646,KOTA,GEN,1,OM BIRLA,BJP,56
Lok Sabha,2014,RAJASTHAN,623,JHALAWAR-BARAN,GEN,1,DUSHYANT CHAUTALA,BJP,59
Lok Sabha,2014,SIKKIM,752,SIKKIM,GEN,3,NAR BAHADUR KHATIWARA,BJP,2
Lok Sabha,2014,TAMIL NADU,354,CHENNAI SOUTH,GEN,3,LA.GANESAN,BJP,24
Lok Sabha,2014,TAMIL NADU,355,VELLORE,GEN,2,"SHANMUGAM, A.C.",BJP,33
Lok Sabha,2014,TAMIL NADU,328,COIMBATORE,GEN,2,"RADHAKRISHNAN, C.P.",BJP,33
Lok Sabha,2014,TAMIL NADU,325,POLLACHI,GEN,2,ESWARAN.E.R.,BJP,27
Lok Sabha,2014,TAMIL NADU,333,PERAMBALUR,GEN,3,"PARIVENDAR PACHAMUTHU, T.R.",BJP,23
Lok Sabha,2014,TAMIL NADU,323,THANJAVUR,GEN,3,MURUGANANTHAM.M,BJP,6
Lok Sabha,2014,TAMIL NADU,318,SIVAGANGA,GEN,3,H RAJA,BJP,13
Lok Sabha,2014,TAMIL NADU,314,RAMANATHAPURAM,GEN,3,KUPPURAMU .D,BJP,17
Lok Sabha,2014,TAMIL NADU,300,KANNIYAKUMARI,GEN,1,RADHAKRISHNAN P.,BJP,38
Lok Sabha,2014,TRIPURA,580,TRIPURA WEST,GEN,4,SUDHINDRA CHANDRA DASGUPTA,BJP,5
Lok Sabha,2014,TRIPURA,588,TRIPURA EAST,ST,4,SHRI PARIKSHIT DEBBARMA,BJP,6
Lok Sabha,2014,UTTAR PRADESH,729,MAHARAJGANJ,GEN,1,PANKAJ CHAUDHARY,BJP,45
Lok Sabha,2014,UTTAR PRADESH,718,GORAKHPUR,GEN,1,YOGI ADITYANATH,BJP,52
Lok Sabha,2014,UTTAR PRADESH,724,KUSHI NAGAR,GEN,1,RAJESH PANDEY ALIAS GUDDU,BJP,39
Lok Sabha,2014,UTTAR PRADESH,701,DEORIA,GEN,1,KALRAJ MISHRA,BJP,51
Lok Sabha,2014,UTTAR PRADESH,694,BANSGAON,SC,1,KAMLESH PASWAN,BJP,48
Lok Sabha,2014,UTTAR PRADESH,673,LALGANJ,SC,1,NEELAM SONKAR,BJP,36
Lok Sabha,2014,UTTAR PRADESH,672,AZAMGARH,GEN,2,RAMAKANT YADAV,BJP,29
Lok Sabha,2014,UTTAR PRADESH,665,GHOSI,GEN,1,HARINARAYAN RAJBHAR,BJP,37
Lok Sabha,2014,UTTAR PRADESH,676,SALEMPUR,GEN,1,RAVINDRA KUSHWAHA,BJP,46
Lok Sabha,2014,UTTAR PRADESH,650,BALLIA,GEN,1,BHARAT SINGH,BJP,38
Lok Sabha,2014,UTTAR PRADESH,644,MACHHLISHAHR,SC,1,RAM CHARITRA NISHAD,BJP,44
Lok Sabha,2014,UTTAR PRADESH,645,GHAZIPUR,GEN,1,MANOJ SINHA,BJP,31
Lok Sabha,2014,UTTAR PRADESH,631,CHANDAULI,GEN,1,MAHENDRA NATH PANDEY,BJP,42
Lok Sabha,2014,UTTAR PRADESH,622,VARANASI,GEN,1,NARENDRA MODI,BJP,56
Lok Sabha,2014,UTTAR PRADESH,613,ROBERTSGANJ,SC,1,CHHOTE LAL,BJP,43
Lok Sabha,2014,UTTAR PRADESH,690,AMETHI,GEN,2,SMRITI ZUBIN IRANI (NEE KIRAN THAKKAR SINGH),BJP,34
Lok Sabha,2014,UTTAR PRADESH,677,SULTANPUR,GEN,1,FEROZE VARUN GANDHI,BJP,43
Lok Sabha,2014,UTTAR PRADESH,637,BANDA,GEN,1,BHAIRON PRASAD MISHRA,BJP,40
Lok Sabha,2014,UTTAR PRADESH,652,KAUSHAMBI,SC,1,VINOD KUMAR SONKAR,BJP,36
Lok Sabha,2014,UTTAR PRADESH,641,PHULPUR,GEN,1,KESHAV PRASAD,BJP,52
Lok Sabha,2014,UTTAR PRADESH,628,ALLAHABAD,GEN,1,SHYAMA CHARAN GUPTA,BJP,35
Lok Sabha,2014,UTTAR PRADESH,712,FAIZABAD,GEN,1,LALLU SINGH,BJP,48
Lok Sabha,2014,UTTAR PRADESH,693,AMBEDKAR NAGAR,GEN,1,HARI OM PANDEY,BJP,42
Lok Sabha,2014,UTTAR PRADESH,731,KAISERGANJ,GEN,1,BRIJBHUSHAN SHARAN SINGH,BJP,40
Lok Sabha,2014,UTTAR PRADESH,745,SHRAWASTI,GEN,1,DADDAN MISHRA,BJP,35
Lok Sabha,2014,UTTAR PRADESH,727,GONDA,GEN,1,KIRTI VARDHAN SINGH  ALIAS RAJA BHAIYA,BJP,41
Lok Sabha,2014,UTTAR PRADESH,730,DOMARIYAGANJ,GEN,1,JAGDAMBIKA PAL,BJP,32
Lok Sabha,2014,UTTAR PRADESH,719,BASTI,GEN,1,HARISH CHANDRA,BJP,34
Lok Sabha,2014,UTTAR PRADESH,716,SANT KABIR NAGAR,GEN,1,SHARAD TRIPATHI,BJP,34
Lok Sabha,2014,UTTAR PRADESH,662,JAUNPUR,GEN,1,KRISHNA PRATAP,BJP,36
Lok Sabha,2014,UTTAR PRADESH,634,BHADOHI,GEN,1,VIRENDRA SINGH,BJP,41
Lok Sabha,2014,UTTAR PRADESH,742,SITAPUR,GEN,1,RAJESH KUMAR SINGH,BJP,41
Lok Sabha,2014,UTTAR PRADESH,740,HARDOI,SC,1,ANSHUL VERMA,BJP,37
Lok Sabha,2014,UTTAR PRADESH,734,MISRIKH,SC,1,ANJU BALA,BJP,41
Lok Sabha,2014,UTTAR PRADESH,713,UNNAO,GEN,1,SWAMI SACHCHIANAND HARI SAKSHI,BJP,43
Lok Sabha,2014,UTTAR PRADESH,726,MOHANLALGANJ,SC,1,KAUSHAL KISHORE,BJP,41
Lok Sabha,2014,UTTAR PRADESH,703,LUCKNOW,GEN,1,RAJNATH SINGH,BJP,54
Lok Sabha,2014,UTTAR PRADESH,684,RAE BARELI,GEN,2,AJAY AGRAWAL,BJP,21
Lok Sabha,2014,UTTAR PRADESH,678,KANPUR,GEN,1,DR. MURLI MANOHAR JOSHI,BJP,57
Lok Sabha,2014,UTTAR PRADESH,687,AKBARPUR,GEN,1,DEVENDRA SINGH ALIAS BHOLE SINGH,BJP,50
Lok Sabha,2014,UTTAR PRADESH,675,JALAUN,SC,1,BHANU PRATAP SINGH VARMA,BJP,49
Lok Sabha,2014,UTTAR PRADESH,636,JHANSI,GEN,1,UMA BHARTI,BJP,44
Lok Sabha,2014,UTTAR PRADESH,660,HAMIRPUR,GEN,1,KUNWAR PUSHPENDRA SINGH,BJP,47
Lok Sabha,2014,UTTAR PRADESH,663,FATEHPUR,GEN,1,SADHVI NIRANJAN JYOTI,BJP,46
Lok Sabha,2014,UTTAR PRADESH,725,BARABANKI,SC,1,PRIYANKA SINGH RAWAT,BJP,43
Lok Sabha,2014,UTTAR PRADESH,756,BAHRAICH,SC,1,SADHVI SAVITRI BAI PHOOLE,BJP,46
Lok Sabha,2014,UTTAR PRADESH,797,KAIRANA,GEN,1,HUKUM SINGH ,BJP,51
Lok Sabha,2014,UTTAR PRADESH,791,MUZAFFARNAGAR,GEN,1,DR. SANJEEV KUMAR BALIYAN,BJP,59
Lok Sabha,2014,UTTAR PRADESH,781,MEERUT,GEN,1,RAJENDRA AGARWAL,BJP,48
Lok Sabha,2014,UTTAR PRADESH,785,BAGHPAT,GEN,1,DR. SATYAPAL SINGH,BJP,42
Lok Sabha,2014,UTTAR PRADESH,774,GHAZIABAD,GEN,1,VIJAY KUMAR SINGH,BJP,57
Lok Sabha,2014,UTTAR PRADESH,765,GAUTAM BUDHHA NAGAR,GEN,1,MAHESH SHARMA,BJP,50
Lok Sabha,2014,UTTAR PRADESH,770,BULANDSHAHR,SC,1,DR. BHOLA SINGH,BJP,60
Lok Sabha,2014,UTTAR PRADESH,754,ALIGARH,GEN,1,SATISH KUMAR,BJP,48
Lok Sabha,2014,UTTAR PRADESH,749,HATHRAS,SC,1,RAJESH KUMAR,BJP,52
Lok Sabha,2014,UTTAR PRADESH,748,MATHURA,GEN,1,DEOL HEMA MALINI DHARMENDRA,BJP,54
Lok Sabha,2014,UTTAR PRADESH,736,AGRA,SC,1,DR. RAMSHANKAR KATHERIA,BJP,55
Lok Sabha,2014,UTTAR PRADESH,723,FATEHPUR SIKRI,GEN,1,BABU LAL,BJP,45
Lok Sabha,2014,UTTAR PRADESH,732,FIROZABAD,GEN,2,SATYAPAL SINGH,BJP,38
Lok Sabha,2014,UTTAR PRADESH,728,MAINPURI,GEN,2,SHATRUGHAN SINGH,BJP,23
Lok Sabha,2014,UTTAR PRADESH,750,ETAH,GEN,1,RAJVIR SINGH,BJP,51
Lok Sabha,2014,UTTAR PRADESH,739,FARRUKHABAD,GEN,1,MUKESH RAJPUT,BJP,42
Lok Sabha,2014,UTTAR PRADESH,700,ETAWAH,SC,1,ASHOK KUMAR DOHAREY,BJP,47
Lok Sabha,2014,UTTAR PRADESH,721,KANNAUJ,GEN,2,SUBRAT PATHAK,BJP,42
Lok Sabha,2014,UTTAR PRADESH,800,SAHARANPUR,GEN,1,RAGHAV LAKHANPAL,BJP,40
Lok Sabha,2014,UTTAR PRADESH,792,BIJNOR,GEN,1,KUNWAR BHARTENDRA SINGH,BJP,46
Lok Sabha,2014,UTTAR PRADESH,794,NAGINA,SC,1,YASHWANT SINGH,BJP,39
Lok Sabha,2014,UTTAR PRADESH,793,MORADABAD,GEN,1,KUNWAR SARVESH KUMAR,BJP,43
Lok Sabha,2014,UTTAR PRADESH,783,RAMPUR,GEN,1,DR. NEPAL SINGH,BJP,37
Lok Sabha,2014,UTTAR PRADESH,777,SAMBHAL,GEN,1,SATYA PAL SINGH,BJP,34
Lok Sabha,2014,UTTAR PRADESH,780,AMROHA,GEN,1,KANWAR SINGH TANWAR,BJP,48
Lok Sabha,2014,UTTAR PRADESH,758,BADAUN,GEN,2,VAGISH PATHAK,BJP,32
Lok Sabha,2014,UTTAR PRADESH,760,AONLA,GEN,1,DHARMENDRA KUMAR,BJP,41
Lok Sabha,2014,UTTAR PRADESH,773,BAREILLY,GEN,1,SANTOSH KUMAR GANGWAR,BJP,51
Lok Sabha,2014,UTTAR PRADESH,776,PILIBHIT,GEN,1,MANEKA GANDHI,BJP,52
Lok Sabha,2014,UTTAR PRADESH,757,SHAHJAHANPUR,SC,1,KRISHNA RAJ,BJP,46
Lok Sabha,2014,UTTAR PRADESH,769,KHERI,GEN,1,AJAY KUMAR MISHRA,BJP,37
Lok Sabha,2014,UTTAR PRADESH,753,DHAURAHRA,GEN,1,REKHA ARUN VERMA,BJP,34
Lok Sabha,2014,UTTARAKHAND,814,TEHRI GARHWAL,GEN,1,MALA RAJYA LAXMI SHAH,BJP,58
Lok Sabha,2014,UTTARAKHAND,809,GARHWAL,GEN,1,MAJ. GEN. ( RETD) BHUWAN CHANDRA KHANDURI (AVSM),BJP,59
Lok Sabha,2014,UTTARAKHAND,804,ALMORA,SC,1,AJAY TAMTA,BJP,53
Lok Sabha,2014,UTTARAKHAND,790,NAINITAL-UDHAMSINGH NAGAR,GEN,1,BHAGAT SINGH KOSHYARI,BJP,58
Lok Sabha,2014,UTTARAKHAND,799,HARDWAR,GEN,1,RAMESH POKHARIYAL NISHANK,BJP,50
Lok Sabha,2014,WEST BENGAL,680,COOCHBEHAR,SC,3,HEM CHANDRA BARMAN,BJP,16
Lok Sabha,2014,WEST BENGAL,708,ALIPURDUARS,ST,3,BIRENDRA BARA (ORAON),BJP,27
Lok Sabha,2014,WEST BENGAL,706,JALPAIGURI,SC,3,SATYALAL SARKAR,BJP,17
Lok Sabha,2014,WEST BENGAL,720,DARJEELING,GEN,1,SURENDRAJEET SINGH AHLUWALIA,BJP,43
Lok Sabha,2014,WEST BENGAL,667,RAIGANJ,GEN,3,NIMU BHOWMICK,BJP,18
Lok Sabha,2014,WEST BENGAL,632,BALURGHAT,GEN,3,BISWAPRIYA ROY CHOUDHURY,BJP,21
Lok Sabha,2014,WEST BENGAL,627,MALDAHA UTTAR,GEN,4,SUBHASH KRISHNA GOSWAMI,BJP,15
Lok Sabha,2014,WEST BENGAL,614,MALDAHA DAKSHIN,GEN,2,BISNU PADA ROY,BJP,20
Lok Sabha,2014,WEST BENGAL,530,GHATAL,GEN,4,MD. ALAM,BJP,7
Lok Sabha,2014,WEST BENGAL,546,JHARGRAM,ST,3,BIKASH MUDI,BJP,10
Lok Sabha,2014,WEST BENGAL,523,MEDINIPUR,GEN,3,PRABHAKAR TEWARI,BJP,14
Lok Sabha,2014,WEST BENGAL,565,PURULIA,GEN,4,BIKASH BANERJEE,BJP,7
Lok Sabha,2014,WEST BENGAL,566,BANKURA,GEN,3,SUBHAS KUMAR SARKAR,BJP,20
Lok Sabha,2014,WEST BENGAL,558,BISHNUPUR,SC,3,JAYANTA MODAL,BJP,14
Lok Sabha,2014,WEST BENGAL,595,JANGIPUR,GEN,4,SAMRAT GHOSH,BJP,9
Lok Sabha,2014,WEST BENGAL,582,BAHARAMPUR,GEN,4,DEBES ADHIKARI,BJP,7
Lok Sabha,2014,WEST BENGAL,585,MURSHIDABAD,GEN,4,SUJIT KUMAR GHOSH,BJP,8
Lok Sabha,2014,WEST BENGAL,1,KRISHNANAGAR,GEN,3,SATYA BRATA MOOKHERJEE,BJP,26
Lok Sabha,2014,WEST BENGAL,560,RANAGHAT,SC,3,SUPRAVAT BISWAS,BJP,17
Lok Sabha,2014,WEST BENGAL,525,HOWRAH,GEN,3,GEORGE BAKER,BJP,22
Lok Sabha,2014,WEST BENGAL,528,ULUBERIA,GEN,3,RANJIT KISHORE MOHANTY,BJP,12
Lok Sabha,2014,WEST BENGAL,534,SREERAMPUR,GEN,3,BAPPI APARESH LAHIRI,BJP,22
Lok Sabha,2014,WEST BENGAL,548,HOOGHLY,GEN,3,DR. CHANDAN SOURAV MITRA,BJP,16
Lok Sabha,2014,WEST BENGAL,542,ARAMBAG,SC,3,MADHUSUDAN BAG,BJP,12
Lok Sabha,2014,WEST BENGAL,512,TAMLUK,GEN,3,BADSHA ALAM,BJP,6
Lok Sabha,2014,WEST BENGAL,506,KANTHI,GEN,3,KAMALENDU PAHARI,BJP,9
Lok Sabha,2014,WEST BENGAL,563,BARDHAMAN PURBA,SC,3,SANTOSH ROY,BJP,13
Lok Sabha,2014,WEST BENGAL,28,BARDHAMAN-DURGAPUR,GEN,3,DEBASREE CHAUDHURI,BJP,18
Lok Sabha,2014,WEST BENGAL,569,ASANSOL,GEN,1,BABUL SUPRIYA BORAL (BABUL SUPRIYO),BJP,37
Lok Sabha,2014,WEST BENGAL,581,BOLPUR,SC,3,KAMINI MOHAN SARKAR,BJP,15
Lok Sabha,2014,WEST BENGAL,592,BIRBHUM,GEN,3,JOY BANERJEE,BJP,18
Lok Sabha,2014,WEST BENGAL,550,BANGAON,SC,3,KRISHNADAS (KD) BISWAS,BJP,19
Lok Sabha,2014,WEST BENGAL,540,BARRACKPUR,GEN,3,RUMESH KUMAR HANDA,BJP,22
Lok Sabha,2014,WEST BENGAL,531,DUM DUM,GEN,3,TAPAN SIKDAR,BJP,22
Lok Sabha,2014,WEST BENGAL,537,BARASAT,GEN,3,P.C. SORKAR JUNIOR,BJP,23
Lok Sabha,2014,WEST BENGAL,535,BASIRHAT,GEN,3,SAMIK BHATTACHARYA,BJP,18
Lok Sabha,2014,WEST BENGAL,29,JAYNAGAR,SC,4,KRISHNAPADA MAJUMDER,BJP,10
Lok Sabha,2014,WEST BENGAL,3,MATHURAPUR,SC,3,TAPAN NASKAR,BJP,5
Lok Sabha,2014,WEST BENGAL,517,DIAMOND HARBOUR,GEN,3,ABHIJIT DAS (BOBBY),BJP,16
Lok Sabha,2014,WEST BENGAL,522,JADAVPUR,GEN,3,DR. SARUP PRASAD GHOSH,BJP,12
Lok Sabha,2014,WEST BENGAL,518,KOLKATA DAKSHIN ,GEN,2,TATHAGATA ROY,BJP,25
Lok Sabha,2014,WEST BENGAL,524,KOLKATA UTTAR,GEN,2,RAHUL (BISWAJIT) SINHA,BJP,26
